{"skeleton":{"hash":"R41tTN4lfhe1wl+aLamAGEs6cQo","spine":"2.1.07","width":165.73,"height":288.72,"images":""},"bones":[{"name":"root"},{"name":"Body","parent":"root","length":155.85,"x":-0.7,"y":-137,"rotation":89.54},{"name":"Eye2","parent":"root","length":17.39,"x":66.81,"y":7.24,"rotation":89.09},{"name":"Eyes","parent":"root","length":21.14,"x":-25.93,"y":5.87,"rotation":90},{"name":"Gun","parent":"root","length":55.54,"x":-41.62,"y":-71.18,"rotation":118.7},{"name":"Head","parent":"root","length":79.11,"x":0.32,"y":19.21,"rotation":90},{"name":"Horn1","parent":"root","length":25.68,"x":-41.67,"y":79.23,"rotation":121.22},{"name":"Horn2","parent":"root","length":20.44,"x":44.95,"y":81.98,"rotation":57.79},{"name":"Horn3","parent":"root","length":21.55,"x":4.57,"y":81.19,"rotation":90},{"name":"Mask","parent":"root","length":19.77,"x":28.28,"y":4.51,"rotation":90},{"name":"Mask2","parent":"root","length":19.43,"x":60.33,"y":7.58,"rotation":89.09}],"slots":[{"name":"body2","bone":"Body","attachment":"body1"},{"name":"Mask1","bone":"Mask","attachment":"Mask1"},{"name":"Eye1","bone":"Eyes","attachment":"Eye1"},{"name":"Eyes","bone":"Eyes","attachment":"Eye1"},{"name":"Mask1-2","bone":"Mask2","attachment":"Mask1-2"},{"name":"Eye2","bone":"Eye2","attachment":"Eye1"},{"name":"Head2","bone":"Head","attachment":"Head1"},{"name":"Gun1","bone":"Gun","attachment":"Gun1"}],"skins":{"default":{"Eye1":{"Eye1":{"x":11.97,"y":-2.56,"rotation":-90,"width":23,"height":23}},"Eye2":{"Eye1":{"x":9.51,"y":9.57,"rotation":-89.09,"width":23,"height":23}},"Eyes":{"Eye1":{"x":12.25,"y":-55.28,"rotation":-90,"width":23,"height":23}},"Gun1":{"Gun1":{"x":62.33,"y":-1.29,"rotation":-91.43,"width":52,"height":133}},"Head2":{"Head1":{"x":64.63,"y":-2.35,"rotation":-90,"width":133,"height":129}},"Mask1":{"Mask1":{"x":13.39,"y":23.93,"rotation":-90,"width":92,"height":35}},"Mask1-2":{"Mask1-2":{"x":9.82,"y":5.9,"rotation":-89.09,"width":29,"height":35}},"body2":{"body1":{"x":79.2,"y":-2.9,"rotation":-89.54,"width":133,"height":159}}}},"animations":{"Back":{"slots":{"Eye1":{"attachment":[{"time":0,"name":null},{"time":0.5,"name":null}]},"Eye2":{"attachment":[{"time":0,"name":null}]},"Eyes":{"attachment":[{"time":0,"name":null},{"time":0.5,"name":null}]},"Gun1":{"attachment":[{"time":0,"name":"Gun1"},{"time":0.5,"name":"Gun1"}]},"Head2":{"attachment":[{"time":0,"name":"Head1"},{"time":0.5,"name":"Head1"}]},"Mask1":{"attachment":[{"time":0,"name":null},{"time":0.5,"name":null}]},"Mask1-2":{"attachment":[{"time":0,"name":null}]},"body2":{"attachment":[{"time":0,"name":"body1"},{"time":0.5,"name":"body1"}]}},"bones":{"Body":{"rotate":[{"time":0,"angle":0,"curve":"stepped"},{"time":0.5,"angle":0}],"translate":[{"time":0,"x":0,"y":28.9},{"time":0.2,"x":0,"y":6.36,"curve":"stepped"},{"time":0.2666,"x":0,"y":6.36,"curve":[0.534,0,1,0]},{"time":0.5,"x":0,"y":28.9}],"scale":[{"time":0,"x":1,"y":1,"curve":"stepped"},{"time":0.5,"x":1,"y":1}]},"Eye2":{"rotate":[{"time":0,"angle":0,"curve":"stepped"},{"time":0.5,"angle":0}],"translate":[{"time":0,"x":0,"y":28.9},{"time":0.2,"x":0,"y":6.36,"curve":"stepped"},{"time":0.2666,"x":0,"y":6.36},{"time":0.5,"x":0,"y":28.9}],"scale":[{"time":0,"x":1,"y":1,"curve":"stepped"},{"time":0.5,"x":1,"y":1}]},"Eyes":{"rotate":[{"time":0,"angle":0,"curve":"stepped"},{"time":0.2,"angle":0,"curve":"stepped"},{"time":0.2666,"angle":0,"curve":"stepped"},{"time":0.5,"angle":0}],"translate":[{"time":0,"x":0,"y":28.9},{"time":0.2,"x":0,"y":-33.9,"curve":"stepped"},{"time":0.2666,"x":0,"y":-33.9},{"time":0.5,"x":0,"y":28.9}],"scale":[{"time":0,"x":1,"y":1,"curve":"stepped"},{"time":0.2,"x":1,"y":1,"curve":"stepped"},{"time":0.2666,"x":1,"y":1,"curve":"stepped"},{"time":0.5,"x":1,"y":1}]},"Gun":{"rotate":[{"time":0,"angle":-69.86},{"time":0.2,"angle":-85.75},{"time":0.5,"angle":-69.86}],"translate":[{"time":0,"x":62.97,"y":28.9},{"time":0.2,"x":51.06,"y":-32.21},{"time":0.2666,"x":45.38,"y":6.36},{"time":0.5,"x":62.97,"y":28.9}],"scale":[{"time":0,"x":1,"y":1,"curve":"stepped"},{"time":0.2,"x":1,"y":1,"curve":"stepped"},{"time":0.5,"x":1,"y":1}]},"Head":{"rotate":[{"time":0,"angle":0},{"time":0.2,"angle":3.89},{"time":0.2666,"angle":-3.78},{"time":0.4666,"angle":-0.54},{"time":0.5,"angle":0}],"translate":[{"time":0,"x":0,"y":28.9},{"time":0.2,"x":0,"y":-5.76},{"time":0.2666,"x":0,"y":-33.58},{"time":0.4666,"x":0,"y":12.03},{"time":0.5,"x":0,"y":28.9}],"scale":[{"time":0,"x":1,"y":1,"curve":"stepped"},{"time":0.2,"x":1,"y":1,"curve":"stepped"},{"time":0.2666,"x":1,"y":1,"curve":"stepped"},{"time":0.4666,"x":1,"y":1,"curve":"stepped"},{"time":0.5,"x":1,"y":1}]},"Horn1":{"rotate":[{"time":0,"angle":0,"curve":"stepped"},{"time":0.5,"angle":0}],"translate":[{"time":0,"x":0,"y":28.9},{"time":0.2,"x":0,"y":6.36,"curve":"stepped"},{"time":0.2666,"x":0,"y":6.36},{"time":0.5,"x":0,"y":28.9}],"scale":[{"time":0,"x":1,"y":1,"curve":"stepped"},{"time":0.5,"x":1,"y":1}]},"Horn2":{"rotate":[{"time":0,"angle":0,"curve":"stepped"},{"time":0.5,"angle":0}],"translate":[{"time":0,"x":0,"y":28.9},{"time":0.2,"x":0,"y":6.36,"curve":"stepped"},{"time":0.2666,"x":0,"y":6.36},{"time":0.5,"x":0,"y":28.9}],"scale":[{"time":0,"x":1,"y":1,"curve":"stepped"},{"time":0.5,"x":1,"y":1}]},"Horn3":{"rotate":[{"time":0,"angle":0,"curve":"stepped"},{"time":0.5,"angle":0}],"translate":[{"time":0,"x":0,"y":28.9},{"time":0.2,"x":0,"y":6.36,"curve":"stepped"},{"time":0.2666,"x":0,"y":6.36},{"time":0.5,"x":0,"y":28.9}],"scale":[{"time":0,"x":1,"y":1,"curve":"stepped"},{"time":0.5,"x":1,"y":1}]},"Mask":{"rotate":[{"time":0,"angle":0,"curve":"stepped"},{"time":0.2,"angle":0,"curve":"stepped"},{"time":0.2666,"angle":0,"curve":"stepped"},{"time":0.5,"angle":0}],"translate":[{"time":0,"x":0,"y":28.9},{"time":0.2,"x":0,"y":-33.9,"curve":"stepped"},{"time":0.2666,"x":0,"y":-33.9},{"time":0.5,"x":0,"y":28.9}],"scale":[{"time":0,"x":1,"y":1,"curve":"stepped"},{"time":0.2,"x":1,"y":1,"curve":"stepped"},{"time":0.2666,"x":1,"y":1,"curve":"stepped"},{"time":0.5,"x":1,"y":1}]},"Mask2":{"rotate":[{"time":0,"angle":0,"curve":"stepped"},{"time":0.5,"angle":0}],"translate":[{"time":0,"x":0,"y":28.9},{"time":0.2,"x":0,"y":6.36,"curve":"stepped"},{"time":0.2666,"x":0,"y":6.36},{"time":0.5,"x":0,"y":28.9}],"scale":[{"time":0,"x":1,"y":1,"curve":"stepped"},{"time":0.5,"x":1,"y":1}]}},"drawOrder":[{"time":0,"offsets":[{"slot":"Gun1","offset":-7}]},{"time":0.5,"offsets":[{"slot":"Gun1","offset":-7}]}]},"BackFight":{"slots":{"Eye1":{"attachment":[{"time":0,"name":null},{"time":0.5,"name":null}]},"Eye2":{"attachment":[{"time":0,"name":null}]},"Eyes":{"attachment":[{"time":0,"name":null},{"time":0.5,"name":null}]},"Gun1":{"attachment":[{"time":0,"name":"Gun1"},{"time":0.5,"name":"Gun1"}]},"Head2":{"attachment":[{"time":0,"name":"Head1"},{"time":0.5,"name":"Head1"}]},"Mask1":{"attachment":[{"time":0,"name":null},{"time":0.5,"name":null}]},"Mask1-2":{"attachment":[{"time":0,"name":null}]},"body2":{"attachment":[{"time":0,"name":"body1"},{"time":0.5,"name":"body1"}]}},"bones":{"Body":{"rotate":[{"time":0,"angle":0,"curve":"stepped"},{"time":0.5,"angle":0}],"translate":[{"time":0,"x":0,"y":28.9,"curve":"stepped"},{"time":0.5,"x":0,"y":28.9}],"scale":[{"time":0,"x":1,"y":1,"curve":"stepped"},{"time":0.5,"x":1,"y":1}]},"Eye2":{"rotate":[{"time":0,"angle":0,"curve":"stepped"},{"time":0.5,"angle":0}],"translate":[{"time":0,"x":0,"y":28.9},{"time":0.2,"x":0,"y":6.36,"curve":"stepped"},{"time":0.2666,"x":0,"y":6.36},{"time":0.5,"x":0,"y":28.9}],"scale":[{"time":0,"x":1,"y":1,"curve":"stepped"},{"time":0.5,"x":1,"y":1}]},"Eyes":{"rotate":[{"time":0,"angle":0,"curve":"stepped"},{"time":0.2,"angle":0,"curve":"stepped"},{"time":0.2666,"angle":0,"curve":"stepped"},{"time":0.5,"angle":0}],"translate":[{"time":0,"x":0,"y":28.9},{"time":0.2,"x":0,"y":-33.9,"curve":"stepped"},{"time":0.2666,"x":0,"y":-33.9},{"time":0.5,"x":0,"y":28.9}],"scale":[{"time":0,"x":1,"y":1,"curve":"stepped"},{"time":0.2,"x":1,"y":1,"curve":"stepped"},{"time":0.2666,"x":1,"y":1,"curve":"stepped"},{"time":0.5,"x":1,"y":1}]},"Gun":{"rotate":[{"time":0,"angle":-69.86},{"time":0.1,"angle":45.31},{"time":0.2,"angle":-85.75},{"time":0.5,"angle":-69.86}],"translate":[{"time":0,"x":62.97,"y":28.9},{"time":0.1,"x":57.01,"y":-1.65},{"time":0.2,"x":51.06,"y":-32.21},{"time":0.2666,"x":45.38,"y":6.36},{"time":0.5,"x":62.97,"y":28.9}],"scale":[{"time":0,"x":1,"y":1,"curve":"stepped"},{"time":0.1,"x":1,"y":1,"curve":"stepped"},{"time":0.2,"x":1,"y":1,"curve":"stepped"},{"time":0.5,"x":1,"y":1}]},"Head":{"rotate":[{"time":0,"angle":0},{"time":0.4666,"angle":-0.54},{"time":0.5,"angle":0}],"translate":[{"time":0,"x":0,"y":28.9},{"time":0.4666,"x":0,"y":12.03},{"time":0.5,"x":0,"y":28.9}],"scale":[{"time":0,"x":1,"y":1,"curve":"stepped"},{"time":0.4666,"x":1,"y":1,"curve":"stepped"},{"time":0.5,"x":1,"y":1}]},"Horn1":{"rotate":[{"time":0,"angle":0,"curve":"stepped"},{"time":0.5,"angle":0}],"translate":[{"time":0,"x":0,"y":28.9},{"time":0.2,"x":0,"y":6.36,"curve":"stepped"},{"time":0.2666,"x":0,"y":6.36},{"time":0.5,"x":0,"y":28.9}],"scale":[{"time":0,"x":1,"y":1,"curve":"stepped"},{"time":0.5,"x":1,"y":1}]},"Horn2":{"rotate":[{"time":0,"angle":0,"curve":"stepped"},{"time":0.5,"angle":0}],"translate":[{"time":0,"x":0,"y":28.9},{"time":0.2,"x":0,"y":6.36,"curve":"stepped"},{"time":0.2666,"x":0,"y":6.36},{"time":0.5,"x":0,"y":28.9}],"scale":[{"time":0,"x":1,"y":1,"curve":"stepped"},{"time":0.5,"x":1,"y":1}]},"Horn3":{"rotate":[{"time":0,"angle":0,"curve":"stepped"},{"time":0.5,"angle":0}],"translate":[{"time":0,"x":0,"y":28.9},{"time":0.2,"x":0,"y":6.36,"curve":"stepped"},{"time":0.2666,"x":0,"y":6.36},{"time":0.5,"x":0,"y":28.9}],"scale":[{"time":0,"x":1,"y":1,"curve":"stepped"},{"time":0.5,"x":1,"y":1}]},"Mask":{"rotate":[{"time":0,"angle":0,"curve":"stepped"},{"time":0.2,"angle":0,"curve":"stepped"},{"time":0.2666,"angle":0,"curve":"stepped"},{"time":0.5,"angle":0}],"translate":[{"time":0,"x":0,"y":28.9},{"time":0.2,"x":0,"y":-33.9,"curve":"stepped"},{"time":0.2666,"x":0,"y":-33.9},{"time":0.5,"x":0,"y":28.9}],"scale":[{"time":0,"x":1,"y":1,"curve":"stepped"},{"time":0.2,"x":1,"y":1,"curve":"stepped"},{"time":0.2666,"x":1,"y":1,"curve":"stepped"},{"time":0.5,"x":1,"y":1}]},"Mask2":{"rotate":[{"time":0,"angle":0,"curve":"stepped"},{"time":0.5,"angle":0}],"translate":[{"time":0,"x":0,"y":28.9},{"time":0.2,"x":0,"y":6.36,"curve":"stepped"},{"time":0.2666,"x":0,"y":6.36},{"time":0.5,"x":0,"y":28.9}],"scale":[{"time":0,"x":1,"y":1,"curve":"stepped"},{"time":0.5,"x":1,"y":1}]}},"drawOrder":[{"time":0,"offsets":[{"slot":"Gun1","offset":-7}]},{"time":0.5,"offsets":[{"slot":"Gun1","offset":-7}]}]},"Front":{"slots":{"Eye1":{"attachment":[{"time":0,"name":"Eye1"},{"time":0.5,"name":"Eye1"}]},"Eye2":{"attachment":[{"time":0,"name":null}]},"Eyes":{"attachment":[{"time":0,"name":"Eye1"},{"time":0.5,"name":"Eye1"}]},"Gun1":{"attachment":[{"time":0,"name":"Gun1"},{"time":0.5,"name":"Gun1"}]},"Head2":{"attachment":[{"time":0,"name":"Head1"},{"time":0.5,"name":"Head1"}]},"Mask1":{"attachment":[{"time":0,"name":"Mask1"},{"time":0.5,"name":"Mask1"}]},"Mask1-2":{"attachment":[{"time":0,"name":null}]},"body2":{"attachment":[{"time":0,"name":"body1"},{"time":0.5,"name":"body1"}]}},"bones":{"Body":{"rotate":[{"time":0,"angle":0,"curve":"stepped"},{"time":0.5,"angle":0}],"translate":[{"time":0,"x":0,"y":28.9},{"time":0.2,"x":0,"y":6.36,"curve":"stepped"},{"time":0.2666,"x":0,"y":6.36,"curve":[0.534,0,1,0]},{"time":0.5,"x":0,"y":28.9}],"scale":[{"time":0,"x":1,"y":1,"curve":"stepped"},{"time":0.5,"x":1,"y":1}]},"Eye2":{"rotate":[{"time":0,"angle":0,"curve":"stepped"},{"time":0.5,"angle":0}],"translate":[{"time":0,"x":0,"y":28.9},{"time":0.2,"x":0,"y":6.36,"curve":"stepped"},{"time":0.2666,"x":0,"y":6.36},{"time":0.5,"x":0,"y":28.9}],"scale":[{"time":0,"x":1,"y":1,"curve":"stepped"},{"time":0.5,"x":1,"y":1}]},"Eyes":{"rotate":[{"time":0,"angle":0,"curve":"stepped"},{"time":0.2,"angle":0,"curve":"stepped"},{"time":0.2666,"angle":0,"curve":"stepped"},{"time":0.5,"angle":0}],"translate":[{"time":0,"x":0,"y":28.9},{"time":0.2,"x":0,"y":-33.9,"curve":"stepped"},{"time":0.2666,"x":0,"y":-33.9},{"time":0.5,"x":0,"y":28.9}],"scale":[{"time":0,"x":1,"y":1,"curve":"stepped"},{"time":0.2,"x":1,"y":1,"curve":"stepped"},{"time":0.2666,"x":1,"y":1,"curve":"stepped"},{"time":0.5,"x":1,"y":1}]},"Gun":{"rotate":[{"time":0,"angle":0},{"time":0.2,"angle":33.23},{"time":0.5,"angle":0}],"translate":[{"time":0,"x":34.04,"y":28.9},{"time":0.2,"x":51.06,"y":-32.21},{"time":0.2666,"x":45.38,"y":6.36},{"time":0.5,"x":34.04,"y":28.9}],"scale":[{"time":0,"x":1,"y":1,"curve":"stepped"},{"time":0.2,"x":1,"y":1,"curve":"stepped"},{"time":0.5,"x":1,"y":1}]},"Head":{"rotate":[{"time":0,"angle":0},{"time":0.2,"angle":3.89},{"time":0.2666,"angle":-3.78},{"time":0.4666,"angle":-0.54},{"time":0.5,"angle":0}],"translate":[{"time":0,"x":0,"y":28.9},{"time":0.2,"x":0,"y":-5.76},{"time":0.2666,"x":0,"y":-33.58},{"time":0.4666,"x":0,"y":12.03},{"time":0.5,"x":0,"y":28.9}],"scale":[{"time":0,"x":1,"y":1,"curve":"stepped"},{"time":0.2,"x":1,"y":1,"curve":"stepped"},{"time":0.2666,"x":1,"y":1,"curve":"stepped"},{"time":0.4666,"x":1,"y":1,"curve":"stepped"},{"time":0.5,"x":1,"y":1}]},"Horn1":{"rotate":[{"time":0,"angle":0,"curve":"stepped"},{"time":0.5,"angle":0}],"translate":[{"time":0,"x":0,"y":28.9},{"time":0.2,"x":0,"y":6.36,"curve":"stepped"},{"time":0.2666,"x":0,"y":6.36},{"time":0.5,"x":0,"y":28.9}],"scale":[{"time":0,"x":1,"y":1,"curve":"stepped"},{"time":0.5,"x":1,"y":1}]},"Horn2":{"rotate":[{"time":0,"angle":0,"curve":"stepped"},{"time":0.5,"angle":0}],"translate":[{"time":0,"x":0,"y":28.9},{"time":0.2,"x":0,"y":6.36,"curve":"stepped"},{"time":0.2666,"x":0,"y":6.36},{"time":0.5,"x":0,"y":28.9}],"scale":[{"time":0,"x":1,"y":1,"curve":"stepped"},{"time":0.5,"x":1,"y":1}]},"Horn3":{"rotate":[{"time":0,"angle":0,"curve":"stepped"},{"time":0.5,"angle":0}],"translate":[{"time":0,"x":0,"y":28.9},{"time":0.2,"x":0,"y":6.36,"curve":"stepped"},{"time":0.2666,"x":0,"y":6.36},{"time":0.5,"x":0,"y":28.9}],"scale":[{"time":0,"x":1,"y":1,"curve":"stepped"},{"time":0.5,"x":1,"y":1}]},"Mask":{"rotate":[{"time":0,"angle":0,"curve":"stepped"},{"time":0.2,"angle":0,"curve":"stepped"},{"time":0.2666,"angle":0,"curve":"stepped"},{"time":0.5,"angle":0}],"translate":[{"time":0,"x":0,"y":28.9},{"time":0.2,"x":0,"y":-33.9,"curve":"stepped"},{"time":0.2666,"x":0,"y":-33.9},{"time":0.5,"x":0,"y":28.9}],"scale":[{"time":0,"x":1,"y":1,"curve":"stepped"},{"time":0.2,"x":1,"y":1,"curve":"stepped"},{"time":0.2666,"x":1,"y":1,"curve":"stepped"},{"time":0.5,"x":1,"y":1}]},"Mask2":{"rotate":[{"time":0,"angle":0,"curve":"stepped"},{"time":0.5,"angle":0}],"translate":[{"time":0,"x":0,"y":28.9},{"time":0.2,"x":0,"y":6.36,"curve":"stepped"},{"time":0.2666,"x":0,"y":6.36},{"time":0.5,"x":0,"y":28.9}],"scale":[{"time":0,"x":1,"y":1,"curve":"stepped"},{"time":0.5,"x":1,"y":1}]}},"drawOrder":[{"time":0.5}]},"FrontFight":{"slots":{"Eye1":{"attachment":[{"time":0,"name":"Eye1"},{"time":0.5,"name":"Eye1"}]},"Eye2":{"attachment":[{"time":0,"name":null}]},"Eyes":{"attachment":[{"time":0,"name":"Eye1"},{"time":0.5,"name":"Eye1"}]},"Gun1":{"attachment":[{"time":0,"name":"Gun1"},{"time":0.5,"name":"Gun1"}]},"Head2":{"attachment":[{"time":0,"name":"Head1"},{"time":0.5,"name":"Head1"}]},"Mask1":{"attachment":[{"time":0,"name":"Mask1"},{"time":0.5,"name":"Mask1"}]},"Mask1-2":{"attachment":[{"time":0,"name":null}]},"body2":{"attachment":[{"time":0,"name":"body1"},{"time":0.5,"name":"body1"}]}},"bones":{"Body":{"rotate":[{"time":0,"angle":0,"curve":"stepped"},{"time":0.5,"angle":0,"curve":"stepped"},{"time":0.8333,"angle":0}],"translate":[{"time":0,"x":0,"y":28.9,"curve":"stepped"},{"time":0.5,"x":0,"y":28.9,"curve":"stepped"},{"time":0.8333,"x":0,"y":28.9}],"scale":[{"time":0,"x":1,"y":1,"curve":"stepped"},{"time":0.5,"x":1,"y":1,"curve":"stepped"},{"time":0.8333,"x":1,"y":1}]},"Eye2":{"rotate":[{"time":0,"angle":0,"curve":"stepped"},{"time":0.5,"angle":0,"curve":"stepped"},{"time":0.8333,"angle":0}],"translate":[{"time":0,"x":0,"y":28.9},{"time":0.2,"x":0,"y":6.36,"curve":"stepped"},{"time":0.2666,"x":0,"y":6.36},{"time":0.5,"x":0,"y":28.9,"curve":"stepped"},{"time":0.8333,"x":0,"y":28.9}],"scale":[{"time":0,"x":1,"y":1,"curve":"stepped"},{"time":0.5,"x":1,"y":1,"curve":"stepped"},{"time":0.8333,"x":1,"y":1}]},"Eyes":{"rotate":[{"time":0,"angle":0,"curve":"stepped"},{"time":0.2666,"angle":0,"curve":"stepped"},{"time":0.5,"angle":0,"curve":"stepped"},{"time":0.8333,"angle":0}],"translate":[{"time":0,"x":0,"y":28.9},{"time":0.2666,"x":0,"y":22.9},{"time":0.5,"x":0,"y":28.9,"curve":"stepped"},{"time":0.8333,"x":0,"y":28.9}],"scale":[{"time":0,"x":1,"y":1,"curve":"stepped"},{"time":0.2666,"x":1,"y":1,"curve":"stepped"},{"time":0.5,"x":1,"y":1,"curve":"stepped"},{"time":0.8333,"x":1,"y":1}]},"Gun":{"rotate":[{"time":0,"angle":0},{"time":0.1,"angle":-294.8},{"time":0.2,"angle":33.23},{"time":0.2666,"angle":-80.97},{"time":0.4,"angle":11.45},{"time":0.5,"angle":0},{"time":0.7333,"angle":9.93},{"time":0.8333,"angle":0}],"translate":[{"time":0,"x":34.04,"y":28.9},{"time":0.1,"x":42.55,"y":-1.65},{"time":0.2,"x":51.06,"y":-32.21},{"time":0.2666,"x":45.38,"y":6.36},{"time":0.4,"x":38.9,"y":19.24},{"time":0.5,"x":34.04,"y":28.9},{"time":0.7333,"x":34.04,"y":57.23},{"time":0.8333,"x":34.04,"y":28.9}],"scale":[{"time":0,"x":1,"y":1,"curve":"stepped"},{"time":0.1,"x":1,"y":1,"curve":"stepped"},{"time":0.2,"x":1,"y":1,"curve":"stepped"},{"time":0.2666,"x":1,"y":1,"curve":"stepped"},{"time":0.4,"x":1,"y":1,"curve":"stepped"},{"time":0.5,"x":1,"y":1,"curve":"stepped"},{"time":0.7333,"x":1,"y":1,"curve":"stepped"},{"time":0.8333,"x":1,"y":1}]},"Head":{"rotate":[{"time":0,"angle":0},{"time":0.2666,"angle":-6.51},{"time":0.5,"angle":0,"curve":"stepped"},{"time":0.8333,"angle":0}],"translate":[{"time":0,"x":0,"y":26.33},{"time":0.2666,"x":0,"y":19.6},{"time":0.5,"x":0,"y":28.9,"curve":"stepped"},{"time":0.8333,"x":0,"y":28.9}],"scale":[{"time":0,"x":1,"y":1,"curve":"stepped"},{"time":0.2666,"x":1,"y":1,"curve":"stepped"},{"time":0.5,"x":1,"y":1,"curve":"stepped"},{"time":0.8333,"x":1,"y":1}]},"Horn1":{"rotate":[{"time":0,"angle":0,"curve":"stepped"},{"time":0.5,"angle":0,"curve":"stepped"},{"time":0.8333,"angle":0}],"translate":[{"time":0,"x":0,"y":28.9},{"time":0.2,"x":0,"y":6.36,"curve":"stepped"},{"time":0.2666,"x":0,"y":6.36},{"time":0.5,"x":0,"y":28.9,"curve":"stepped"},{"time":0.8333,"x":0,"y":28.9}],"scale":[{"time":0,"x":1,"y":1,"curve":"stepped"},{"time":0.5,"x":1,"y":1,"curve":"stepped"},{"time":0.8333,"x":1,"y":1}]},"Horn2":{"rotate":[{"time":0,"angle":0,"curve":"stepped"},{"time":0.5,"angle":0,"curve":"stepped"},{"time":0.8333,"angle":0}],"translate":[{"time":0,"x":0,"y":28.9},{"time":0.2,"x":0,"y":6.36,"curve":"stepped"},{"time":0.2666,"x":0,"y":6.36},{"time":0.5,"x":0,"y":28.9,"curve":"stepped"},{"time":0.8333,"x":0,"y":28.9}],"scale":[{"time":0,"x":1,"y":1,"curve":"stepped"},{"time":0.5,"x":1,"y":1,"curve":"stepped"},{"time":0.8333,"x":1,"y":1}]},"Horn3":{"rotate":[{"time":0,"angle":0,"curve":"stepped"},{"time":0.5,"angle":0,"curve":"stepped"},{"time":0.8333,"angle":0}],"translate":[{"time":0,"x":0,"y":28.9},{"time":0.2,"x":0,"y":6.36,"curve":"stepped"},{"time":0.2666,"x":0,"y":6.36},{"time":0.5,"x":0,"y":28.9,"curve":"stepped"},{"time":0.8333,"x":0,"y":28.9}],"scale":[{"time":0,"x":1,"y":1,"curve":"stepped"},{"time":0.5,"x":1,"y":1,"curve":"stepped"},{"time":0.8333,"x":1,"y":1}]},"Mask":{"rotate":[{"time":0,"angle":0,"curve":"stepped"},{"time":0.2666,"angle":0,"curve":"stepped"},{"time":0.5,"angle":0,"curve":"stepped"},{"time":0.8333,"angle":0}],"translate":[{"time":0,"x":0,"y":28.9},{"time":0.2666,"x":0,"y":22.9},{"time":0.5,"x":0,"y":28.9,"curve":"stepped"},{"time":0.8333,"x":0,"y":28.9}],"scale":[{"time":0,"x":1,"y":1,"curve":"stepped"},{"time":0.2666,"x":1,"y":1,"curve":"stepped"},{"time":0.5,"x":1,"y":1,"curve":"stepped"},{"time":0.8333,"x":1,"y":1}]},"Mask2":{"rotate":[{"time":0,"angle":0,"curve":"stepped"},{"time":0.5,"angle":0,"curve":"stepped"},{"time":0.8333,"angle":0}],"translate":[{"time":0,"x":0,"y":28.9},{"time":0.2,"x":0,"y":6.36,"curve":"stepped"},{"time":0.2666,"x":0,"y":6.36},{"time":0.5,"x":0,"y":28.9,"curve":"stepped"},{"time":0.8333,"x":0,"y":28.9}],"scale":[{"time":0,"x":1,"y":1,"curve":"stepped"},{"time":0.5,"x":1,"y":1,"curve":"stepped"},{"time":0.8333,"x":1,"y":1}]}},"drawOrder":[{"time":0.5}]},"Left":{"slots":{"Eye1":{"attachment":[{"time":0,"name":null}]},"Eye2":{"attachment":[{"time":0,"name":"Eye1"},{"time":0.3666,"name":"Eye1"},{"time":0.5,"name":"Eye1"}]},"Eyes":{"attachment":[{"time":0,"name":null}]},"Mask1":{"attachment":[{"time":0,"name":null}]},"Mask1-2":{"attachment":[{"time":0,"name":"Mask1-2"},{"time":0.3666,"name":"Mask1-2"},{"time":0.5,"name":"Mask1-2"}]}},"bones":{"Body":{"rotate":[{"time":0,"angle":0,"curve":"stepped"},{"time":0.5,"angle":0}],"translate":[{"time":0,"x":0,"y":28.9},{"time":0.2,"x":0,"y":6.36,"curve":"stepped"},{"time":0.2666,"x":0,"y":6.36,"curve":[0.534,0,1,0]},{"time":0.5,"x":0,"y":28.9}],"scale":[{"time":0,"x":1,"y":1,"curve":"stepped"},{"time":0.5,"x":1,"y":1}]},"Eye2":{"rotate":[{"time":0,"angle":0,"curve":"stepped"},{"time":0.3333,"angle":0,"curve":"stepped"},{"time":0.3666,"angle":0,"curve":"stepped"},{"time":0.5,"angle":0}],"translate":[{"time":0,"x":-108.19,"y":28.9},{"time":0.2333,"x":-106.81,"y":0.41},{"time":0.2666,"x":-106.62,"y":-10.86},{"time":0.3333,"x":-106.23,"y":8.91},{"time":0.3666,"x":-108.19,"y":9.3},{"time":0.5,"x":-108.19,"y":28.9}],"scale":[{"time":0,"x":1,"y":1,"curve":"stepped"},{"time":0.3333,"x":1,"y":1,"curve":"stepped"},{"time":0.3666,"x":1,"y":1,"curve":"stepped"},{"time":0.5,"x":1,"y":1}]},"Eyes":{"rotate":[{"time":0,"angle":0,"curve":"stepped"},{"time":0.2,"angle":0,"curve":"stepped"},{"time":0.2666,"angle":0,"curve":"stepped"},{"time":0.5,"angle":0}],"translate":[{"time":0,"x":0,"y":28.9},{"time":0.2,"x":0,"y":-33.9,"curve":"stepped"},{"time":0.2666,"x":0,"y":-33.9},{"time":0.5,"x":0,"y":28.9}],"scale":[{"time":0,"x":1,"y":1,"curve":"stepped"},{"time":0.2,"x":1,"y":1,"curve":"stepped"},{"time":0.2666,"x":1,"y":1,"curve":"stepped"},{"time":0.5,"x":1,"y":1}]},"Gun":{"rotate":[{"time":0,"angle":43.01},{"time":0.2,"angle":57.19},{"time":0.2666,"angle":-296.72},{"time":0.5,"angle":43.01}],"translate":[{"time":0,"x":40.95,"y":28.9},{"time":0.2,"x":40.95,"y":6.01},{"time":0.2666,"x":40.95,"y":-6.86},{"time":0.5,"x":40.95,"y":28.9}],"scale":[{"time":0,"x":1,"y":1,"curve":"stepped"},{"time":0.2,"x":1,"y":1,"curve":"stepped"},{"time":0.2666,"x":1,"y":1,"curve":"stepped"},{"time":0.5,"x":1,"y":1}]},"Head":{"rotate":[{"time":0,"angle":0},{"time":0.4666,"angle":-0.54},{"time":0.5,"angle":0}],"translate":[{"time":0,"x":0,"y":28.9},{"time":0.2,"x":0,"y":-5.76},{"time":0.2666,"x":0,"y":-33.58},{"time":0.4666,"x":0,"y":12.03},{"time":0.5,"x":0,"y":28.9}],"scale":[{"time":0,"x":1,"y":1,"curve":"stepped"},{"time":0.2,"x":1,"y":1,"curve":"stepped"},{"time":0.2666,"x":1,"y":1,"curve":"stepped"},{"time":0.4666,"x":1,"y":1,"curve":"stepped"},{"time":0.5,"x":1,"y":1}]},"Horn1":{"rotate":[{"time":0,"angle":0,"curve":"stepped"},{"time":0.5,"angle":0}],"translate":[{"time":0,"x":0,"y":28.9},{"time":0.2,"x":0,"y":6.36,"curve":"stepped"},{"time":0.2666,"x":0,"y":6.36},{"time":0.5,"x":0,"y":28.9}],"scale":[{"time":0,"x":1,"y":1,"curve":"stepped"},{"time":0.5,"x":1,"y":1}]},"Horn2":{"rotate":[{"time":0,"angle":0,"curve":"stepped"},{"time":0.5,"angle":0}],"translate":[{"time":0,"x":0,"y":28.9},{"time":0.2,"x":0,"y":6.36,"curve":"stepped"},{"time":0.2666,"x":0,"y":6.36},{"time":0.5,"x":0,"y":28.9}],"scale":[{"time":0,"x":1,"y":1,"curve":"stepped"},{"time":0.5,"x":1,"y":1}]},"Horn3":{"rotate":[{"time":0,"angle":0,"curve":"stepped"},{"time":0.5,"angle":0}],"translate":[{"time":0,"x":0,"y":28.9},{"time":0.2,"x":0,"y":6.36,"curve":"stepped"},{"time":0.2666,"x":0,"y":6.36},{"time":0.5,"x":0,"y":28.9}],"scale":[{"time":0,"x":1,"y":1,"curve":"stepped"},{"time":0.5,"x":1,"y":1}]},"Mask":{"rotate":[{"time":0,"angle":0,"curve":"stepped"},{"time":0.2,"angle":0,"curve":"stepped"},{"time":0.2666,"angle":0,"curve":"stepped"},{"time":0.5,"angle":0}],"translate":[{"time":0,"x":0,"y":28.9},{"time":0.2,"x":0,"y":-33.9,"curve":"stepped"},{"time":0.2666,"x":0,"y":-33.9},{"time":0.5,"x":0,"y":28.9}],"scale":[{"time":0,"x":1,"y":1,"curve":"stepped"},{"time":0.2,"x":1,"y":1,"curve":"stepped"},{"time":0.2666,"x":1,"y":1,"curve":"stepped"},{"time":0.5,"x":1,"y":1}]},"Mask2":{"rotate":[{"time":0,"angle":0.9,"curve":"stepped"},{"time":0.3333,"angle":0.9,"curve":"stepped"},{"time":0.3666,"angle":0.9,"curve":"stepped"},{"time":0.5,"angle":0.9}],"translate":[{"time":0,"x":-115.38,"y":28.9},{"time":0.2333,"x":-114.01,"y":0.41},{"time":0.2666,"x":-113.81,"y":-10.86},{"time":0.3333,"x":-113.42,"y":8.91},{"time":0.3666,"x":-115.38,"y":9.3},{"time":0.5,"x":-115.38,"y":28.9}],"scale":[{"time":0,"x":1,"y":-1,"curve":"stepped"},{"time":0.3333,"x":1,"y":-1,"curve":"stepped"},{"time":0.3666,"x":1,"y":-1,"curve":"stepped"},{"time":0.5,"x":1,"y":-1}]}},"drawOrder":[{"time":0,"offsets":[{"slot":"Gun1","offset":-7}]},{"time":0.5,"offsets":[{"slot":"Gun1","offset":-7}]}]},"LeftFight":{"slots":{"Eye1":{"attachment":[{"time":0,"name":null}]},"Eye2":{"attachment":[{"time":0,"name":"Eye1"},{"time":0.5,"name":"Eye1"}]},"Eyes":{"attachment":[{"time":0,"name":null}]},"Mask1":{"attachment":[{"time":0,"name":null}]},"Mask1-2":{"attachment":[{"time":0,"name":"Mask1-2"},{"time":0.5,"name":"Mask1-2"}]}},"bones":{"Body":{"rotate":[{"time":0,"angle":0,"curve":"stepped"},{"time":0.3666,"angle":0,"curve":"stepped"},{"time":0.5,"angle":0}],"translate":[{"time":0,"x":0,"y":28.9},{"time":0.3666,"x":-7.1,"y":27.45},{"time":0.5,"x":0,"y":26.92}],"scale":[{"time":0,"x":1,"y":1,"curve":"stepped"},{"time":0.3666,"x":1,"y":1,"curve":"stepped"},{"time":0.5,"x":1,"y":1}]},"Eye2":{"rotate":[{"time":0,"angle":0,"curve":"stepped"},{"time":0.3666,"angle":0,"curve":"stepped"},{"time":0.5,"angle":0}],"translate":[{"time":0,"x":-108.19,"y":28.9},{"time":0.3666,"x":-115.29,"y":25.93},{"time":0.5,"x":-108.19,"y":28.9}],"scale":[{"time":0,"x":1,"y":1,"curve":"stepped"},{"time":0.3666,"x":1,"y":1,"curve":"stepped"},{"time":0.5,"x":1,"y":1}]},"Eyes":{"rotate":[{"time":0,"angle":0,"curve":"stepped"},{"time":0.2,"angle":0,"curve":"stepped"},{"time":0.2666,"angle":0,"curve":"stepped"},{"time":0.3666,"angle":0,"curve":"stepped"},{"time":0.5,"angle":0}],"translate":[{"time":0,"x":0,"y":28.9},{"time":0.2,"x":0,"y":-33.9,"curve":"stepped"},{"time":0.2666,"x":0,"y":-33.9},{"time":0.3666,"x":-7.1,"y":-6.98},{"time":0.5,"x":0,"y":28.9}],"scale":[{"time":0,"x":1,"y":1,"curve":"stepped"},{"time":0.2,"x":1,"y":1,"curve":"stepped"},{"time":0.2666,"x":1,"y":1,"curve":"stepped"},{"time":0.3666,"x":1,"y":1,"curve":"stepped"},{"time":0.5,"x":1,"y":1}]},"Gun":{"rotate":[{"time":0,"angle":43.01},{"time":0.0666,"angle":-72.47},{"time":0.2,"angle":57.19},{"time":0.2666,"angle":-296.72},{"time":0.3666,"angle":-1.45},{"time":0.4333,"angle":-44.59},{"time":0.5,"angle":43.01}],"translate":[{"time":0,"x":40.95,"y":28.9},{"time":0.0666,"x":40.95,"y":21.27},{"time":0.2,"x":40.95,"y":6.01},{"time":0.2666,"x":40.95,"y":-6.86},{"time":0.3666,"x":33.84,"y":8.46},{"time":0.5,"x":40.95,"y":28.9}],"scale":[{"time":0,"x":1,"y":1,"curve":"stepped"},{"time":0.0666,"x":1,"y":1,"curve":"stepped"},{"time":0.2,"x":1,"y":1,"curve":"stepped"},{"time":0.2666,"x":1,"y":1,"curve":"stepped"},{"time":0.3666,"x":1,"y":1,"curve":"stepped"},{"time":0.5,"x":1,"y":1}]},"Head":{"rotate":[{"time":0,"angle":0,"curve":"stepped"},{"time":0.2333,"angle":0,"curve":"stepped"},{"time":0.3666,"angle":0,"curve":"stepped"},{"time":0.4,"angle":0,"curve":"stepped"},{"time":0.4333,"angle":0,"curve":"stepped"},{"time":0.5,"angle":0}],"translate":[{"time":0,"x":0,"y":28.9},{"time":0.2333,"x":-4.52,"y":19.46},{"time":0.3666,"x":-7.1,"y":22.54},{"time":0.4,"x":-5.39,"y":21.97},{"time":0.4333,"x":-5.39,"y":24.28},{"time":0.5,"x":0,"y":28.9}],"scale":[{"time":0,"x":1,"y":1,"curve":"stepped"},{"time":0.3666,"x":1,"y":1,"curve":"stepped"},{"time":0.4,"x":1,"y":1,"curve":"stepped"},{"time":0.4333,"x":1,"y":1,"curve":"stepped"},{"time":0.5,"x":1,"y":1}]},"Horn1":{"rotate":[{"time":0,"angle":0,"curve":"stepped"},{"time":0.3666,"angle":0,"curve":"stepped"},{"time":0.5,"angle":0}],"translate":[{"time":0,"x":0,"y":28.9},{"time":0.2,"x":0,"y":6.36,"curve":"stepped"},{"time":0.2666,"x":0,"y":6.36},{"time":0.3666,"x":-7.1,"y":16.02},{"time":0.5,"x":0,"y":28.9}],"scale":[{"time":0,"x":1,"y":1,"curve":"stepped"},{"time":0.3666,"x":1,"y":1,"curve":"stepped"},{"time":0.5,"x":1,"y":1}]},"Horn2":{"rotate":[{"time":0,"angle":0,"curve":"stepped"},{"time":0.3666,"angle":0,"curve":"stepped"},{"time":0.5,"angle":0}],"translate":[{"time":0,"x":0,"y":28.9},{"time":0.2,"x":0,"y":6.36,"curve":"stepped"},{"time":0.2666,"x":0,"y":6.36},{"time":0.3666,"x":-7.1,"y":16.02},{"time":0.5,"x":0,"y":28.9}],"scale":[{"time":0,"x":1,"y":1,"curve":"stepped"},{"time":0.3666,"x":1,"y":1,"curve":"stepped"},{"time":0.5,"x":1,"y":1}]},"Horn3":{"rotate":[{"time":0,"angle":0,"curve":"stepped"},{"time":0.3666,"angle":0,"curve":"stepped"},{"time":0.5,"angle":0}],"translate":[{"time":0,"x":0,"y":28.9},{"time":0.2,"x":0,"y":6.36,"curve":"stepped"},{"time":0.2666,"x":0,"y":6.36},{"time":0.3666,"x":-7.1,"y":16.02},{"time":0.5,"x":0,"y":28.9}],"scale":[{"time":0,"x":1,"y":1,"curve":"stepped"},{"time":0.3666,"x":1,"y":1,"curve":"stepped"},{"time":0.5,"x":1,"y":1}]},"Mask":{"rotate":[{"time":0,"angle":0,"curve":"stepped"},{"time":0.2,"angle":0,"curve":"stepped"},{"time":0.2666,"angle":0,"curve":"stepped"},{"time":0.3666,"angle":0,"curve":"stepped"},{"time":0.5,"angle":0}],"translate":[{"time":0,"x":0,"y":28.9},{"time":0.2,"x":0,"y":-33.9,"curve":"stepped"},{"time":0.2666,"x":0,"y":-33.9},{"time":0.3666,"x":-7.1,"y":-6.98},{"time":0.5,"x":0,"y":28.9}],"scale":[{"time":0,"x":1,"y":1,"curve":"stepped"},{"time":0.2,"x":1,"y":1,"curve":"stepped"},{"time":0.2666,"x":1,"y":1,"curve":"stepped"},{"time":0.3666,"x":1,"y":1,"curve":"stepped"},{"time":0.5,"x":1,"y":1}]},"Mask2":{"rotate":[{"time":0,"angle":0.9,"curve":"stepped"},{"time":0.3666,"angle":0.9,"curve":"stepped"},{"time":0.5,"angle":0.9}],"translate":[{"time":0,"x":-115.38,"y":28.9},{"time":0.3666,"x":-122.49,"y":25.93},{"time":0.5,"x":-115.38,"y":28.9}],"scale":[{"time":0,"x":1,"y":-1,"curve":"stepped"},{"time":0.3666,"x":1,"y":-1,"curve":"stepped"},{"time":0.5,"x":1,"y":-1}]}},"drawOrder":[{"time":0,"offsets":[{"slot":"Gun1","offset":-7}]},{"time":0.5,"offsets":[{"slot":"Gun1","offset":-7}]}]},"Right":{"slots":{"Eye1":{"attachment":[{"time":0,"name":null}]},"Eye2":{"attachment":[{"time":0,"name":"Eye1"},{"time":0.2666,"name":"Eye1"},{"time":0.5,"name":"Eye1"}]},"Eyes":{"attachment":[{"time":0,"name":null}]},"Mask1":{"attachment":[{"time":0,"name":null}]},"Mask1-2":{"attachment":[{"time":0,"name":"Mask1-2"},{"time":0.2666,"name":"Mask1-2"},{"time":0.5,"name":"Mask1-2"}]}},"bones":{"Body":{"rotate":[{"time":0,"angle":0,"curve":"stepped"},{"time":0.5,"angle":0}],"translate":[{"time":0,"x":0,"y":28.9},{"time":0.2,"x":0,"y":6.36,"curve":"stepped"},{"time":0.2666,"x":0,"y":6.36,"curve":[0.534,0,1,0]},{"time":0.5,"x":0,"y":28.9}],"scale":[{"time":0,"x":1,"y":1,"curve":"stepped"},{"time":0.5,"x":1,"y":1}]},"Eye2":{"rotate":[{"time":0,"angle":0,"curve":"stepped"},{"time":0.2666,"angle":0,"curve":"stepped"},{"time":0.5,"angle":0}],"translate":[{"time":0,"x":0,"y":28.9},{"time":0.2666,"x":-2.18,"y":-5.61},{"time":0.5,"x":0,"y":28.9}],"scale":[{"time":0,"x":1,"y":1,"curve":"stepped"},{"time":0.2666,"x":1,"y":1,"curve":"stepped"},{"time":0.5,"x":1,"y":1}]},"Eyes":{"rotate":[{"time":0,"angle":0,"curve":"stepped"},{"time":0.2,"angle":0,"curve":"stepped"},{"time":0.2666,"angle":0,"curve":"stepped"},{"time":0.5,"angle":0}],"translate":[{"time":0,"x":0,"y":28.9},{"time":0.2,"x":0,"y":-33.9,"curve":"stepped"},{"time":0.2666,"x":0,"y":-33.9},{"time":0.5,"x":0,"y":28.9}],"scale":[{"time":0,"x":1,"y":1,"curve":"stepped"},{"time":0.2,"x":1,"y":1,"curve":"stepped"},{"time":0.2666,"x":1,"y":1,"curve":"stepped"},{"time":0.5,"x":1,"y":1}]},"Gun":{"rotate":[{"time":0,"angle":-92.3,"curve":"stepped"},{"time":0.2,"angle":-92.3},{"time":0.2666,"angle":-112.47},{"time":0.5,"angle":-92.3}],"translate":[{"time":0,"x":40.95,"y":28.9},{"time":0.2,"x":40.95,"y":4.71},{"time":0.2666,"x":40.95,"y":-9.77},{"time":0.5,"x":40.95,"y":28.9}],"scale":[{"time":0,"x":1,"y":1,"curve":"stepped"},{"time":0.2,"x":1,"y":1,"curve":"stepped"},{"time":0.2666,"x":1,"y":1,"curve":"stepped"},{"time":0.5,"x":1,"y":1}]},"Head":{"rotate":[{"time":0,"angle":0},{"time":0.4666,"angle":-0.54},{"time":0.5,"angle":0}],"translate":[{"time":0,"x":0,"y":28.9},{"time":0.2,"x":0,"y":-5.76},{"time":0.2666,"x":0,"y":-33.58},{"time":0.4666,"x":0,"y":12.03},{"time":0.5,"x":0,"y":28.9}],"scale":[{"time":0,"x":1,"y":1,"curve":"stepped"},{"time":0.2,"x":1,"y":1,"curve":"stepped"},{"time":0.2666,"x":1,"y":1,"curve":"stepped"},{"time":0.4666,"x":1,"y":1,"curve":"stepped"},{"time":0.5,"x":1,"y":1}]},"Horn1":{"rotate":[{"time":0,"angle":0,"curve":"stepped"},{"time":0.5,"angle":0}],"translate":[{"time":0,"x":0,"y":28.9},{"time":0.2,"x":0,"y":6.36,"curve":"stepped"},{"time":0.2666,"x":0,"y":6.36},{"time":0.5,"x":0,"y":28.9}],"scale":[{"time":0,"x":1,"y":1,"curve":"stepped"},{"time":0.5,"x":1,"y":1}]},"Horn2":{"rotate":[{"time":0,"angle":0,"curve":"stepped"},{"time":0.5,"angle":0}],"translate":[{"time":0,"x":0,"y":28.9},{"time":0.2,"x":0,"y":6.36,"curve":"stepped"},{"time":0.2666,"x":0,"y":6.36},{"time":0.5,"x":0,"y":28.9}],"scale":[{"time":0,"x":1,"y":1,"curve":"stepped"},{"time":0.5,"x":1,"y":1}]},"Horn3":{"rotate":[{"time":0,"angle":0,"curve":"stepped"},{"time":0.5,"angle":0}],"translate":[{"time":0,"x":0,"y":28.9},{"time":0.2,"x":0,"y":6.36,"curve":"stepped"},{"time":0.2666,"x":0,"y":6.36},{"time":0.5,"x":0,"y":28.9}],"scale":[{"time":0,"x":1,"y":1,"curve":"stepped"},{"time":0.5,"x":1,"y":1}]},"Mask":{"rotate":[{"time":0,"angle":0,"curve":"stepped"},{"time":0.2,"angle":0,"curve":"stepped"},{"time":0.2666,"angle":0,"curve":"stepped"},{"time":0.5,"angle":0}],"translate":[{"time":0,"x":0,"y":28.9},{"time":0.2,"x":0,"y":-33.9,"curve":"stepped"},{"time":0.2666,"x":0,"y":-33.9},{"time":0.5,"x":0,"y":28.9}],"scale":[{"time":0,"x":1,"y":1,"curve":"stepped"},{"time":0.2,"x":1,"y":1,"curve":"stepped"},{"time":0.2666,"x":1,"y":1,"curve":"stepped"},{"time":0.5,"x":1,"y":1}]},"Mask2":{"rotate":[{"time":0,"angle":0,"curve":"stepped"},{"time":0.2666,"angle":0,"curve":"stepped"},{"time":0.5,"angle":0}],"translate":[{"time":0,"x":0,"y":28.9},{"time":0.2666,"x":-2.18,"y":-5.61},{"time":0.5,"x":0,"y":28.9}],"scale":[{"time":0,"x":1,"y":1,"curve":"stepped"},{"time":0.2666,"x":1,"y":1,"curve":"stepped"},{"time":0.5,"x":1,"y":1}]}}},"RightFight":{"slots":{"Eye1":{"attachment":[{"time":0,"name":null}]},"Eye2":{"attachment":[{"time":0,"name":"Eye1"},{"time":0.5,"name":"Eye1"}]},"Eyes":{"attachment":[{"time":0,"name":null}]},"Mask1":{"attachment":[{"time":0,"name":null}]},"Mask1-2":{"attachment":[{"time":0,"name":"Mask1-2"},{"time":0.5,"name":"Mask1-2"}]}},"bones":{"Body":{"rotate":[{"time":0,"angle":0,"curve":"stepped"},{"time":0.5,"angle":0}],"translate":[{"time":0,"x":0,"y":28.9},{"time":0.2,"x":2.68,"y":28.9},{"time":0.5,"x":0,"y":28.9}],"scale":[{"time":0,"x":1,"y":1,"curve":"stepped"},{"time":0.5,"x":1,"y":1}]},"Eye2":{"rotate":[{"time":0,"angle":0,"curve":"stepped"},{"time":0.5,"angle":0}],"translate":[{"time":0,"x":0,"y":28.9},{"time":0.2666,"x":2.68,"y":28.9},{"time":0.5,"x":0,"y":28.9}],"scale":[{"time":0,"x":1,"y":1,"curve":"stepped"},{"time":0.5,"x":1,"y":1}]},"Eyes":{"rotate":[{"time":0,"angle":0,"curve":"stepped"},{"time":0.2,"angle":0,"curve":"stepped"},{"time":0.2666,"angle":0,"curve":"stepped"},{"time":0.5,"angle":0}],"translate":[{"time":0,"x":0,"y":28.9},{"time":0.2,"x":2.68,"y":-33.9},{"time":0.2666,"x":0,"y":-33.9},{"time":0.5,"x":0,"y":28.9}],"scale":[{"time":0,"x":1,"y":1,"curve":"stepped"},{"time":0.2,"x":1,"y":1,"curve":"stepped"},{"time":0.2666,"x":1,"y":1,"curve":"stepped"},{"time":0.5,"x":1,"y":1}]},"Gun":{"rotate":[{"time":0,"angle":-92.3},{"time":0.1333,"angle":12.88},{"time":0.2,"angle":-92.3},{"time":0.2666,"angle":-112.47},{"time":0.3666,"angle":8.9},{"time":0.4333,"angle":-3.44},{"time":0.5,"angle":-92.3}],"translate":[{"time":0,"x":40.95,"y":28.9},{"time":0.1333,"x":40.95,"y":12.78},{"time":0.2,"x":43.63,"y":4.71},{"time":0.2666,"x":40.95,"y":-9.77},{"time":0.5,"x":40.95,"y":28.9}],"scale":[{"time":0,"x":1,"y":1,"curve":"stepped"},{"time":0.1333,"x":1,"y":1,"curve":"stepped"},{"time":0.2,"x":1,"y":1,"curve":"stepped"},{"time":0.2666,"x":1,"y":1,"curve":"stepped"},{"time":0.5,"x":1,"y":1}]},"Head":{"rotate":[{"time":0,"angle":0},{"time":0.2666,"angle":3.73},{"time":0.4333,"angle":-6.34},{"time":0.5,"angle":0}],"translate":[{"time":0,"x":0,"y":28.9},{"time":0.2,"x":2.68,"y":25},{"time":0.2666,"x":3.22,"y":23.7},{"time":0.5,"x":0,"y":28.9}],"scale":[{"time":0,"x":1,"y":1,"curve":"stepped"},{"time":0.2666,"x":1,"y":1,"curve":"stepped"},{"time":0.5,"x":1,"y":1}]},"Horn1":{"rotate":[{"time":0,"angle":0,"curve":"stepped"},{"time":0.5,"angle":0}],"translate":[{"time":0,"x":0,"y":28.9},{"time":0.2,"x":2.68,"y":6.36},{"time":0.2666,"x":0,"y":6.36},{"time":0.5,"x":0,"y":28.9}],"scale":[{"time":0,"x":1,"y":1,"curve":"stepped"},{"time":0.5,"x":1,"y":1}]},"Horn2":{"rotate":[{"time":0,"angle":0,"curve":"stepped"},{"time":0.5,"angle":0}],"translate":[{"time":0,"x":0,"y":28.9},{"time":0.2,"x":2.68,"y":6.36},{"time":0.2666,"x":0,"y":6.36},{"time":0.5,"x":0,"y":28.9}],"scale":[{"time":0,"x":1,"y":1,"curve":"stepped"},{"time":0.5,"x":1,"y":1}]},"Horn3":{"rotate":[{"time":0,"angle":0,"curve":"stepped"},{"time":0.5,"angle":0}],"translate":[{"time":0,"x":0,"y":28.9},{"time":0.2,"x":2.68,"y":6.36},{"time":0.2666,"x":0,"y":6.36},{"time":0.5,"x":0,"y":28.9}],"scale":[{"time":0,"x":1,"y":1,"curve":"stepped"},{"time":0.5,"x":1,"y":1}]},"Mask":{"rotate":[{"time":0,"angle":0,"curve":"stepped"},{"time":0.2,"angle":0,"curve":"stepped"},{"time":0.2666,"angle":0,"curve":"stepped"},{"time":0.5,"angle":0}],"translate":[{"time":0,"x":0,"y":28.9},{"time":0.2,"x":2.68,"y":-33.9},{"time":0.2666,"x":0,"y":-33.9},{"time":0.5,"x":0,"y":28.9}],"scale":[{"time":0,"x":1,"y":1,"curve":"stepped"},{"time":0.2,"x":1,"y":1,"curve":"stepped"},{"time":0.2666,"x":1,"y":1,"curve":"stepped"},{"time":0.5,"x":1,"y":1}]},"Mask2":{"rotate":[{"time":0,"angle":0,"curve":"stepped"},{"time":0.5,"angle":0}],"translate":[{"time":0,"x":0,"y":28.9},{"time":0.2,"x":2.68,"y":28.9},{"time":0.5,"x":0,"y":28.9}],"scale":[{"time":0,"x":1,"y":1,"curve":"stepped"},{"time":0.5,"x":1,"y":1}]}}}}}