{"skeleton":{"hash":"sLVEBvWGPnocyU0x/DyRFSyMexI","spine":"2.1.07","width":170.41,"height":270.31,"images":""},"bones":[{"name":"root"},{"name":"Body","parent":"root","length":155.85,"x":-0.7,"y":-137,"rotation":89.54},{"name":"Eye2","parent":"root","length":17.39,"x":66.81,"y":7.24,"rotation":89.09},{"name":"Eyes","parent":"root","length":21.14,"x":-25.93,"y":14.48,"rotation":90},{"name":"Gun","parent":"root","length":55.54,"x":-41.62,"y":-71.18,"rotation":118.7},{"name":"Head","parent":"root","length":79.11,"x":0.32,"y":19.21,"rotation":90},{"name":"Horn1","parent":"root","length":25.68,"x":-41.67,"y":79.23,"rotation":121.22},{"name":"Horn2","parent":"root","length":20.44,"x":44.95,"y":81.98,"rotation":57.79},{"name":"Horn3","parent":"root","length":21.55,"x":4.57,"y":81.19,"rotation":90},{"name":"Mask","parent":"root","length":19.77,"x":28.28,"y":13.11,"rotation":90},{"name":"Mask2","parent":"root","length":19.43,"x":60.33,"y":7.58,"rotation":89.09}],"slots":[{"name":"body2","bone":"Body","attachment":"body2"},{"name":"Horn1","bone":"Horn2","attachment":"Horn1"},{"name":"Horn2","bone":"Horn1","attachment":"Horn1"},{"name":"Eyes","bone":"Eyes","attachment":"Eye1"},{"name":"Eye1","bone":"Eyes","attachment":"Eye1"},{"name":"Head2","bone":"Head","attachment":"Head2"},{"name":"Gun2","bone":"Gun","attachment":"Gun2"},{"name":"Horn3","bone":"Horn3","attachment":"Horn1"},{"name":"Eye2","bone":"Eye2","attachment":"Eye1"}],"skins":{"default":{"Eye1":{"Eye1":{"scaleX":0.733,"scaleY":0.733,"rotation":-90,"width":23,"height":23}},"Eye2":{"Eye1":{"scaleX":0.832,"scaleY":0.832,"rotation":-89.09,"width":23,"height":23}},"Eyes":{"Eye1":{"y":-53.85,"scaleX":0.733,"scaleY":0.733,"rotation":-90,"width":23,"height":23}},"Gun2":{"Gun2":{"x":94.52,"y":-1.02,"rotation":-91.24,"width":27,"height":191}},"Head2":{"Head2":{"x":38.6,"y":0.74,"rotation":-90,"width":133,"height":80}},"Horn1":{"Horn1":{"x":18.63,"y":-1.52,"rotation":-57.79,"width":34,"height":53}},"Horn2":{"Horn1":{"x":19.83,"y":2.4,"scaleX":-1,"rotation":-121.22,"width":34,"height":53}},"Horn3":{"Horn1":{"x":22.55,"y":-8.64,"rotation":-90,"width":34,"height":53}},"body2":{"body2":{"x":76.19,"y":0.59,"rotation":-89.54,"width":133,"height":159}}}},"animations":{"Back":{"slots":{"Eye1":{"attachment":[{"time":0,"name":null}]},"Eye2":{"attachment":[{"time":0,"name":null}]},"Eyes":{"attachment":[{"time":0,"name":null}]},"Horn3":{"attachment":[{"time":0,"name":null}]}},"bones":{"Body":{"rotate":[{"time":0,"angle":0,"curve":"stepped"},{"time":0.5,"angle":0}],"translate":[{"time":0,"x":0,"y":28.9},{"time":0.2,"x":0,"y":6.36,"curve":"stepped"},{"time":0.2666,"x":0,"y":6.36,"curve":[0.534,0,1,0]},{"time":0.5,"x":0,"y":28.9}],"scale":[{"time":0,"x":1,"y":1,"curve":"stepped"},{"time":0.5,"x":1,"y":1}]},"Eye2":{"rotate":[{"time":0,"angle":0,"curve":"stepped"},{"time":0.5,"angle":0}],"translate":[{"time":0,"x":0,"y":28.9},{"time":0.2,"x":0,"y":6.36,"curve":"stepped"},{"time":0.2666,"x":0,"y":6.36},{"time":0.5,"x":0,"y":28.9}],"scale":[{"time":0,"x":1,"y":1,"curve":"stepped"},{"time":0.5,"x":1,"y":1}]},"Eyes":{"rotate":[{"time":0,"angle":0,"curve":"stepped"},{"time":0.2,"angle":0,"curve":"stepped"},{"time":0.2666,"angle":0,"curve":"stepped"},{"time":0.5,"angle":0}],"translate":[{"time":0,"x":0,"y":28.9},{"time":0.2,"x":0,"y":-33.9,"curve":"stepped"},{"time":0.2666,"x":0,"y":-33.9},{"time":0.5,"x":0,"y":28.9}],"scale":[{"time":0,"x":1,"y":1,"curve":"stepped"},{"time":0.2,"x":1,"y":1,"curve":"stepped"},{"time":0.2666,"x":1,"y":1,"curve":"stepped"},{"time":0.5,"x":1,"y":1}]},"Gun":{"rotate":[{"time":0,"angle":-69.86},{"time":0.2,"angle":-85.75},{"time":0.5,"angle":-69.86}],"translate":[{"time":0,"x":62.97,"y":28.9},{"time":0.2,"x":51.06,"y":-32.21},{"time":0.2666,"x":45.38,"y":6.36},{"time":0.5,"x":62.97,"y":28.9}],"scale":[{"time":0,"x":1,"y":1,"curve":"stepped"},{"time":0.2,"x":1,"y":1,"curve":"stepped"},{"time":0.5,"x":1,"y":1}]},"Head":{"rotate":[{"time":0,"angle":0},{"time":0.2,"angle":3.89},{"time":0.2666,"angle":-3.78},{"time":0.4666,"angle":-0.54},{"time":0.5,"angle":0}],"translate":[{"time":0,"x":0,"y":28.9},{"time":0.2,"x":0,"y":-5.76},{"time":0.2666,"x":0,"y":-33.58},{"time":0.4666,"x":0,"y":12.03},{"time":0.5,"x":0,"y":28.9}],"scale":[{"time":0,"x":1,"y":1,"curve":"stepped"},{"time":0.2,"x":1,"y":1,"curve":"stepped"},{"time":0.2666,"x":1,"y":1,"curve":"stepped"},{"time":0.4666,"x":1,"y":1,"curve":"stepped"},{"time":0.5,"x":1,"y":1}]},"Horn1":{"rotate":[{"time":0,"angle":0,"curve":"stepped"},{"time":0.2,"angle":0,"curve":"stepped"},{"time":0.2666,"angle":0,"curve":"stepped"},{"time":0.4666,"angle":0,"curve":"stepped"},{"time":0.5,"angle":0}],"translate":[{"time":0,"x":0,"y":28.9},{"time":0.2,"x":0,"y":-8.9},{"time":0.2666,"x":0,"y":-30.14},{"time":0.4666,"x":0,"y":13.16},{"time":0.5,"x":0,"y":28.9}],"scale":[{"time":0,"x":1,"y":1,"curve":"stepped"},{"time":0.2,"x":1,"y":1,"curve":"stepped"},{"time":0.2666,"x":1,"y":1,"curve":"stepped"},{"time":0.4666,"x":1,"y":1,"curve":"stepped"},{"time":0.5,"x":1,"y":1}]},"Horn2":{"rotate":[{"time":0,"angle":0,"curve":"stepped"},{"time":0.2,"angle":0,"curve":"stepped"},{"time":0.2666,"angle":0,"curve":"stepped"},{"time":0.4666,"angle":0,"curve":"stepped"},{"time":0.5,"angle":0}],"translate":[{"time":0,"x":0,"y":28.9},{"time":0.2,"x":0,"y":-8.9},{"time":0.2666,"x":0,"y":-30.14},{"time":0.4666,"x":0,"y":13.16},{"time":0.5,"x":0,"y":28.9}],"scale":[{"time":0,"x":1,"y":1,"curve":"stepped"},{"time":0.2,"x":1,"y":1,"curve":"stepped"},{"time":0.2666,"x":1,"y":1,"curve":"stepped"},{"time":0.4666,"x":1,"y":1,"curve":"stepped"},{"time":0.5,"x":1,"y":1}]},"Horn3":{"rotate":[{"time":0,"angle":0,"curve":"stepped"},{"time":0.5,"angle":0}],"translate":[{"time":0,"x":0,"y":28.9},{"time":0.2,"x":0,"y":6.36,"curve":"stepped"},{"time":0.2666,"x":0,"y":6.36},{"time":0.5,"x":0,"y":28.9}],"scale":[{"time":0,"x":1,"y":1,"curve":"stepped"},{"time":0.5,"x":1,"y":1}]},"Mask":{"rotate":[{"time":0,"angle":0,"curve":"stepped"},{"time":0.2,"angle":0,"curve":"stepped"},{"time":0.2666,"angle":0,"curve":"stepped"},{"time":0.5,"angle":0}],"translate":[{"time":0,"x":0,"y":28.9},{"time":0.2,"x":0,"y":-33.9,"curve":"stepped"},{"time":0.2666,"x":0,"y":-33.9},{"time":0.5,"x":0,"y":28.9}],"scale":[{"time":0,"x":1,"y":1,"curve":"stepped"},{"time":0.2,"x":1,"y":1,"curve":"stepped"},{"time":0.2666,"x":1,"y":1,"curve":"stepped"},{"time":0.5,"x":1,"y":1}]},"Mask2":{"rotate":[{"time":0,"angle":0,"curve":"stepped"},{"time":0.5,"angle":0}],"translate":[{"time":0,"x":0,"y":28.9},{"time":0.2,"x":0,"y":6.36,"curve":"stepped"},{"time":0.2666,"x":0,"y":6.36},{"time":0.5,"x":0,"y":28.9}],"scale":[{"time":0,"x":1,"y":1,"curve":"stepped"},{"time":0.5,"x":1,"y":1}]}},"drawOrder":[{"time":0,"offsets":[{"slot":"Gun2","offset":-6}]},{"time":0.5}]},"BackFight":{"slots":{"Eye1":{"attachment":[{"time":0,"name":null},{"time":0.3333,"name":null},{"time":0.5,"name":null}]},"Eye2":{"attachment":[{"time":0,"name":null},{"time":0.3333,"name":null}]},"Eyes":{"attachment":[{"time":0,"name":null},{"time":0.3333,"name":null},{"time":0.5,"name":null}]},"Horn3":{"attachment":[{"time":0,"name":null}]}},"bones":{"Body":{"rotate":[{"time":0,"angle":0,"curve":"stepped"},{"time":0.5,"angle":0}],"translate":[{"time":0,"x":0,"y":28.9,"curve":"stepped"},{"time":0.5,"x":0,"y":28.9}],"scale":[{"time":0,"x":1,"y":1,"curve":"stepped"},{"time":0.5,"x":1,"y":1}]},"Eye2":{"rotate":[{"time":0,"angle":0,"curve":"stepped"},{"time":0.5,"angle":0}],"translate":[{"time":0,"x":0,"y":28.9},{"time":0.2,"x":0,"y":6.36,"curve":"stepped"},{"time":0.2666,"x":0,"y":6.36},{"time":0.5,"x":0,"y":28.9}],"scale":[{"time":0,"x":1,"y":1,"curve":"stepped"},{"time":0.5,"x":1,"y":1}]},"Eyes":{"rotate":[{"time":0,"angle":0,"curve":"stepped"},{"time":0.2,"angle":0,"curve":"stepped"},{"time":0.2666,"angle":0,"curve":"stepped"},{"time":0.5,"angle":0}],"translate":[{"time":0,"x":0,"y":28.9},{"time":0.2,"x":0,"y":-33.9,"curve":"stepped"},{"time":0.2666,"x":0,"y":-33.9},{"time":0.5,"x":0,"y":28.9}],"scale":[{"time":0,"x":1,"y":1,"curve":"stepped"},{"time":0.2,"x":1,"y":1,"curve":"stepped"},{"time":0.2666,"x":1,"y":1,"curve":"stepped"},{"time":0.5,"x":1,"y":1}]},"Gun":{"rotate":[{"time":0,"angle":-69.86},{"time":0.1,"angle":45.31},{"time":0.2,"angle":-85.75},{"time":0.5,"angle":-69.86}],"translate":[{"time":0,"x":62.97,"y":28.9},{"time":0.1,"x":57.01,"y":-1.65},{"time":0.2,"x":51.06,"y":-32.21},{"time":0.2666,"x":45.38,"y":6.36},{"time":0.5,"x":62.97,"y":28.9}],"scale":[{"time":0,"x":1,"y":1,"curve":"stepped"},{"time":0.1,"x":1,"y":1,"curve":"stepped"},{"time":0.2,"x":1,"y":1,"curve":"stepped"},{"time":0.5,"x":1,"y":1}]},"Head":{"rotate":[{"time":0,"angle":0},{"time":0.4666,"angle":-0.54},{"time":0.5,"angle":0}],"translate":[{"time":0,"x":0,"y":28.9},{"time":0.4666,"x":0,"y":12.03},{"time":0.5,"x":0,"y":28.9}],"scale":[{"time":0,"x":1,"y":1,"curve":"stepped"},{"time":0.4666,"x":1,"y":1,"curve":"stepped"},{"time":0.5,"x":1,"y":1}]},"Horn1":{"rotate":[{"time":0,"angle":0,"curve":"stepped"},{"time":0.4666,"angle":0,"curve":"stepped"},{"time":0.5,"angle":0}],"translate":[{"time":0,"x":0,"y":28.9},{"time":0.2,"x":0,"y":6.36,"curve":"stepped"},{"time":0.2666,"x":0,"y":6.36},{"time":0.4666,"x":0,"y":15.99},{"time":0.5,"x":0,"y":28.9}],"scale":[{"time":0,"x":1,"y":1,"curve":"stepped"},{"time":0.4666,"x":1,"y":1,"curve":"stepped"},{"time":0.5,"x":1,"y":1}]},"Horn2":{"rotate":[{"time":0,"angle":0,"curve":"stepped"},{"time":0.4666,"angle":0,"curve":"stepped"},{"time":0.5,"angle":0}],"translate":[{"time":0,"x":0,"y":28.9},{"time":0.2,"x":0,"y":6.36,"curve":"stepped"},{"time":0.2666,"x":0,"y":6.36},{"time":0.4666,"x":0,"y":15.99},{"time":0.5,"x":0,"y":28.9}],"scale":[{"time":0,"x":1,"y":1,"curve":"stepped"},{"time":0.4666,"x":1,"y":1,"curve":"stepped"},{"time":0.5,"x":1,"y":1}]},"Horn3":{"rotate":[{"time":0,"angle":0,"curve":"stepped"},{"time":0.5,"angle":0}],"translate":[{"time":0,"x":0,"y":28.9},{"time":0.2,"x":0,"y":6.36,"curve":"stepped"},{"time":0.2666,"x":0,"y":6.36},{"time":0.5,"x":0,"y":28.9}],"scale":[{"time":0,"x":1,"y":1,"curve":"stepped"},{"time":0.5,"x":1,"y":1}]},"Mask":{"rotate":[{"time":0,"angle":0,"curve":"stepped"},{"time":0.2,"angle":0,"curve":"stepped"},{"time":0.2666,"angle":0,"curve":"stepped"},{"time":0.5,"angle":0}],"translate":[{"time":0,"x":0,"y":28.9},{"time":0.2,"x":0,"y":-33.9,"curve":"stepped"},{"time":0.2666,"x":0,"y":-33.9},{"time":0.5,"x":0,"y":28.9}],"scale":[{"time":0,"x":1,"y":1,"curve":"stepped"},{"time":0.2,"x":1,"y":1,"curve":"stepped"},{"time":0.2666,"x":1,"y":1,"curve":"stepped"},{"time":0.5,"x":1,"y":1}]},"Mask2":{"rotate":[{"time":0,"angle":0,"curve":"stepped"},{"time":0.5,"angle":0}],"translate":[{"time":0,"x":0,"y":28.9},{"time":0.2,"x":0,"y":6.36,"curve":"stepped"},{"time":0.2666,"x":0,"y":6.36},{"time":0.5,"x":0,"y":28.9}],"scale":[{"time":0,"x":1,"y":1,"curve":"stepped"},{"time":0.5,"x":1,"y":1}]}},"drawOrder":[{"time":0,"offsets":[{"slot":"Gun2","offset":-6}]},{"time":0.3333,"offsets":[{"slot":"Gun2","offset":-6}]},{"time":0.5}]},"Front":{"slots":{"Eye2":{"attachment":[{"time":0,"name":null}]},"Horn3":{"attachment":[{"time":0,"name":null}]}},"bones":{"Body":{"rotate":[{"time":0,"angle":0,"curve":"stepped"},{"time":0.5,"angle":0}],"translate":[{"time":0,"x":0,"y":28.9},{"time":0.2,"x":0,"y":6.36,"curve":"stepped"},{"time":0.2666,"x":0,"y":6.36,"curve":[0.534,0,1,0]},{"time":0.5,"x":0,"y":28.9}],"scale":[{"time":0,"x":1,"y":1,"curve":"stepped"},{"time":0.5,"x":1,"y":1}]},"Eye2":{"rotate":[{"time":0,"angle":0,"curve":"stepped"},{"time":0.5,"angle":0}],"translate":[{"time":0,"x":0,"y":28.9},{"time":0.2,"x":0,"y":6.36,"curve":"stepped"},{"time":0.2666,"x":0,"y":6.36},{"time":0.5,"x":0,"y":28.9}],"scale":[{"time":0,"x":1,"y":1,"curve":"stepped"},{"time":0.5,"x":1,"y":1}]},"Eyes":{"rotate":[{"time":0,"angle":0,"curve":"stepped"},{"time":0.2,"angle":0,"curve":"stepped"},{"time":0.2666,"angle":0,"curve":"stepped"},{"time":0.5,"angle":0}],"translate":[{"time":0,"x":0,"y":28.9},{"time":0.2,"x":0,"y":-33.9,"curve":"stepped"},{"time":0.2666,"x":0,"y":-33.9},{"time":0.5,"x":0,"y":28.9}],"scale":[{"time":0,"x":1,"y":1,"curve":"stepped"},{"time":0.2,"x":1,"y":1,"curve":"stepped"},{"time":0.2666,"x":1,"y":1,"curve":"stepped"},{"time":0.5,"x":1,"y":1}]},"Gun":{"rotate":[{"time":0,"angle":0},{"time":0.2,"angle":33.23},{"time":0.5,"angle":0}],"translate":[{"time":0,"x":34.04,"y":28.9},{"time":0.2,"x":51.06,"y":-32.21},{"time":0.2666,"x":45.38,"y":6.36},{"time":0.5,"x":34.04,"y":28.9}],"scale":[{"time":0,"x":1,"y":1,"curve":"stepped"},{"time":0.2,"x":1,"y":1,"curve":"stepped"},{"time":0.5,"x":1,"y":1}]},"Head":{"rotate":[{"time":0,"angle":0},{"time":0.2,"angle":3.89},{"time":0.2666,"angle":-3.78},{"time":0.4666,"angle":-0.54},{"time":0.5,"angle":0}],"translate":[{"time":0,"x":0,"y":28.9},{"time":0.2,"x":0,"y":-5.76},{"time":0.2666,"x":0,"y":-33.58},{"time":0.4666,"x":0,"y":12.03},{"time":0.5,"x":0,"y":28.9}],"scale":[{"time":0,"x":1,"y":1,"curve":"stepped"},{"time":0.2,"x":1,"y":1,"curve":"stepped"},{"time":0.2666,"x":1,"y":1,"curve":"stepped"},{"time":0.4666,"x":1,"y":1,"curve":"stepped"},{"time":0.5,"x":1,"y":1}]},"Horn1":{"rotate":[{"time":0,"angle":0,"curve":"stepped"},{"time":0.2,"angle":0,"curve":"stepped"},{"time":0.2666,"angle":0,"curve":"stepped"},{"time":0.4666,"angle":0,"curve":"stepped"},{"time":0.5,"angle":0}],"translate":[{"time":0,"x":0,"y":28.9},{"time":0.2,"x":0,"y":-4.88},{"time":0.2666,"x":0,"y":-32.64},{"time":0.4666,"x":0,"y":13.36},{"time":0.5,"x":0,"y":28.9}],"scale":[{"time":0,"x":1,"y":1,"curve":"stepped"},{"time":0.2,"x":1,"y":1,"curve":"stepped"},{"time":0.4666,"x":1,"y":1,"curve":"stepped"},{"time":0.5,"x":1,"y":1}]},"Horn2":{"rotate":[{"time":0,"angle":0,"curve":"stepped"},{"time":0.2,"angle":0,"curve":"stepped"},{"time":0.2666,"angle":0,"curve":"stepped"},{"time":0.4666,"angle":0,"curve":"stepped"},{"time":0.5,"angle":0}],"translate":[{"time":0,"x":0,"y":28.9},{"time":0.2,"x":0,"y":-4.88},{"time":0.2666,"x":0,"y":-32.64},{"time":0.4666,"x":0,"y":13.36},{"time":0.5,"x":0,"y":28.9}],"scale":[{"time":0,"x":1,"y":1,"curve":"stepped"},{"time":0.2,"x":1,"y":1,"curve":"stepped"},{"time":0.4666,"x":1,"y":1,"curve":"stepped"},{"time":0.5,"x":1,"y":1}]},"Horn3":{"rotate":[{"time":0,"angle":0,"curve":"stepped"},{"time":0.5,"angle":0}],"translate":[{"time":0,"x":0,"y":28.9},{"time":0.2,"x":0,"y":6.36,"curve":"stepped"},{"time":0.2666,"x":0,"y":6.36},{"time":0.5,"x":0,"y":28.9}],"scale":[{"time":0,"x":1,"y":1,"curve":"stepped"},{"time":0.5,"x":1,"y":1}]},"Mask":{"rotate":[{"time":0,"angle":0,"curve":"stepped"},{"time":0.2,"angle":0,"curve":"stepped"},{"time":0.2666,"angle":0,"curve":"stepped"},{"time":0.5,"angle":0}],"translate":[{"time":0,"x":0,"y":28.9},{"time":0.2,"x":0,"y":-33.9,"curve":"stepped"},{"time":0.2666,"x":0,"y":-33.9},{"time":0.5,"x":0,"y":28.9}],"scale":[{"time":0,"x":1,"y":1,"curve":"stepped"},{"time":0.2,"x":1,"y":1,"curve":"stepped"},{"time":0.2666,"x":1,"y":1,"curve":"stepped"},{"time":0.5,"x":1,"y":1}]},"Mask2":{"rotate":[{"time":0,"angle":0,"curve":"stepped"},{"time":0.5,"angle":0}],"translate":[{"time":0,"x":0,"y":28.9},{"time":0.2,"x":0,"y":6.36,"curve":"stepped"},{"time":0.2666,"x":0,"y":6.36},{"time":0.5,"x":0,"y":28.9}],"scale":[{"time":0,"x":1,"y":1,"curve":"stepped"},{"time":0.5,"x":1,"y":1}]}},"drawOrder":[{"time":0.5}]},"FrontFight":{"slots":{"Eye2":{"attachment":[{"time":0,"name":null}]},"Eyes":{"attachment":[{"time":0,"name":"Eye1"}]},"Horn3":{"attachment":[{"time":0,"name":null}]}},"bones":{"Body":{"rotate":[{"time":0,"angle":0,"curve":"stepped"},{"time":0.5,"angle":0,"curve":"stepped"},{"time":0.8333,"angle":0}],"translate":[{"time":0,"x":0,"y":28.9,"curve":"stepped"},{"time":0.5,"x":0,"y":28.9,"curve":"stepped"},{"time":0.8333,"x":0,"y":28.9}],"scale":[{"time":0,"x":1,"y":1,"curve":"stepped"},{"time":0.5,"x":1,"y":1,"curve":"stepped"},{"time":0.8333,"x":1,"y":1}]},"Eye2":{"rotate":[{"time":0,"angle":0,"curve":"stepped"},{"time":0.5,"angle":0,"curve":"stepped"},{"time":0.8333,"angle":0}],"translate":[{"time":0,"x":0,"y":28.9},{"time":0.2,"x":0,"y":6.36,"curve":"stepped"},{"time":0.2666,"x":0,"y":6.36},{"time":0.5,"x":0,"y":28.9,"curve":"stepped"},{"time":0.8333,"x":0,"y":28.9}],"scale":[{"time":0,"x":1,"y":1,"curve":"stepped"},{"time":0.5,"x":1,"y":1,"curve":"stepped"},{"time":0.8333,"x":1,"y":1}]},"Eyes":{"rotate":[{"time":0,"angle":0,"curve":"stepped"},{"time":0.2666,"angle":0,"curve":"stepped"},{"time":0.5,"angle":0,"curve":"stepped"},{"time":0.8333,"angle":0}],"translate":[{"time":0,"x":0,"y":28.9},{"time":0.2666,"x":0,"y":22.9},{"time":0.5,"x":0,"y":28.9,"curve":"stepped"},{"time":0.8333,"x":0,"y":28.9}],"scale":[{"time":0,"x":1,"y":1,"curve":"stepped"},{"time":0.2666,"x":1,"y":1,"curve":"stepped"},{"time":0.5,"x":1,"y":1,"curve":"stepped"},{"time":0.8333,"x":1,"y":1}]},"Gun":{"rotate":[{"time":0,"angle":0},{"time":0.1,"angle":-294.8},{"time":0.2,"angle":33.23},{"time":0.2666,"angle":-80.97},{"time":0.4,"angle":11.45},{"time":0.5,"angle":0},{"time":0.7333,"angle":9.93},{"time":0.8333,"angle":0}],"translate":[{"time":0,"x":34.04,"y":28.9},{"time":0.1,"x":42.55,"y":-1.65},{"time":0.2,"x":51.06,"y":-32.21},{"time":0.2666,"x":45.38,"y":6.36},{"time":0.4,"x":38.9,"y":19.24},{"time":0.5,"x":34.04,"y":28.9},{"time":0.7333,"x":34.04,"y":57.23},{"time":0.8333,"x":34.04,"y":28.9}],"scale":[{"time":0,"x":1,"y":1,"curve":"stepped"},{"time":0.1,"x":1,"y":1,"curve":"stepped"},{"time":0.2,"x":1,"y":1,"curve":"stepped"},{"time":0.2666,"x":1,"y":1,"curve":"stepped"},{"time":0.4,"x":1,"y":1,"curve":"stepped"},{"time":0.5,"x":1,"y":1,"curve":"stepped"},{"time":0.7333,"x":1,"y":1,"curve":"stepped"},{"time":0.8333,"x":1,"y":1}]},"Head":{"rotate":[{"time":0,"angle":0},{"time":0.2666,"angle":-6.51},{"time":0.5,"angle":0,"curve":"stepped"},{"time":0.8333,"angle":0}],"translate":[{"time":0,"x":0,"y":26.33},{"time":0.2666,"x":0,"y":19.6},{"time":0.5,"x":0,"y":28.9,"curve":"stepped"},{"time":0.8333,"x":0,"y":28.9}],"scale":[{"time":0,"x":1,"y":1,"curve":"stepped"},{"time":0.2666,"x":1,"y":1,"curve":"stepped"},{"time":0.5,"x":1,"y":1,"curve":"stepped"},{"time":0.8333,"x":1,"y":1}]},"Horn1":{"rotate":[{"time":0,"angle":0,"curve":"stepped"},{"time":0.2,"angle":0,"curve":"stepped"},{"time":0.2666,"angle":0,"curve":"stepped"},{"time":0.5,"angle":0,"curve":"stepped"},{"time":0.8333,"angle":0}],"translate":[{"time":0,"x":0,"y":28.9},{"time":0.2,"x":0,"y":15.93},{"time":0.2666,"x":0,"y":14.46},{"time":0.5,"x":0,"y":28.9,"curve":"stepped"},{"time":0.8333,"x":0,"y":28.9}],"scale":[{"time":0,"x":1,"y":1,"curve":"stepped"},{"time":0.2,"x":1,"y":1,"curve":"stepped"},{"time":0.2666,"x":1,"y":1,"curve":"stepped"},{"time":0.5,"x":1,"y":1,"curve":"stepped"},{"time":0.8333,"x":1,"y":1}]},"Horn2":{"rotate":[{"time":0,"angle":0,"curve":"stepped"},{"time":0.2,"angle":0},{"time":0.2666,"angle":-20.21},{"time":0.5,"angle":0,"curve":"stepped"},{"time":0.8333,"angle":0}],"translate":[{"time":0,"x":0,"y":28.9},{"time":0.2,"x":0,"y":15.93},{"time":0.2666,"x":0,"y":14.46},{"time":0.5,"x":0,"y":28.9,"curve":"stepped"},{"time":0.8333,"x":0,"y":28.9}],"scale":[{"time":0,"x":1,"y":1,"curve":"stepped"},{"time":0.2,"x":1,"y":1,"curve":"stepped"},{"time":0.2666,"x":1,"y":1,"curve":"stepped"},{"time":0.5,"x":1,"y":1,"curve":"stepped"},{"time":0.8333,"x":1,"y":1}]},"Horn3":{"rotate":[{"time":0,"angle":0,"curve":"stepped"},{"time":0.5,"angle":0,"curve":"stepped"},{"time":0.8333,"angle":0}],"translate":[{"time":0,"x":0,"y":28.9},{"time":0.2,"x":0,"y":6.36,"curve":"stepped"},{"time":0.2666,"x":0,"y":6.36},{"time":0.5,"x":0,"y":28.9,"curve":"stepped"},{"time":0.8333,"x":0,"y":28.9}],"scale":[{"time":0,"x":1,"y":1,"curve":"stepped"},{"time":0.5,"x":1,"y":1,"curve":"stepped"},{"time":0.8333,"x":1,"y":1}]},"Mask":{"rotate":[{"time":0,"angle":0,"curve":"stepped"},{"time":0.2666,"angle":0,"curve":"stepped"},{"time":0.5,"angle":0,"curve":"stepped"},{"time":0.8333,"angle":0}],"translate":[{"time":0,"x":0,"y":28.9},{"time":0.2666,"x":0,"y":22.9},{"time":0.5,"x":0,"y":28.9,"curve":"stepped"},{"time":0.8333,"x":0,"y":28.9}],"scale":[{"time":0,"x":1,"y":1,"curve":"stepped"},{"time":0.2666,"x":1,"y":1,"curve":"stepped"},{"time":0.5,"x":1,"y":1,"curve":"stepped"},{"time":0.8333,"x":1,"y":1}]},"Mask2":{"rotate":[{"time":0,"angle":0,"curve":"stepped"},{"time":0.5,"angle":0,"curve":"stepped"},{"time":0.8333,"angle":0}],"translate":[{"time":0,"x":0,"y":28.9},{"time":0.2,"x":0,"y":6.36,"curve":"stepped"},{"time":0.2666,"x":0,"y":6.36},{"time":0.5,"x":0,"y":28.9,"curve":"stepped"},{"time":0.8333,"x":0,"y":28.9}],"scale":[{"time":0,"x":1,"y":1,"curve":"stepped"},{"time":0.5,"x":1,"y":1,"curve":"stepped"},{"time":0.8333,"x":1,"y":1}]}},"drawOrder":[{"time":0.5}]},"Left":{"slots":{"Eye1":{"attachment":[{"time":0,"name":null}]},"Eyes":{"attachment":[{"time":0,"name":null}]},"Horn1":{"attachment":[{"time":0,"name":null}]},"Horn2":{"attachment":[{"time":0,"name":null}]},"Horn3":{"attachment":[{"time":0,"name":"Horn1"},{"time":0.5,"name":"Horn1"}]}},"bones":{"Body":{"rotate":[{"time":0,"angle":0,"curve":"stepped"},{"time":0.5,"angle":0}],"translate":[{"time":0,"x":0,"y":28.9},{"time":0.2,"x":0,"y":6.36,"curve":"stepped"},{"time":0.2666,"x":0,"y":6.36,"curve":[0.534,0,1,0]},{"time":0.5,"x":0,"y":28.9}],"scale":[{"time":0,"x":1,"y":1,"curve":"stepped"},{"time":0.5,"x":1,"y":1}]},"Eye2":{"rotate":[{"time":0,"angle":0,"curve":"stepped"},{"time":0.2333,"angle":0,"curve":"stepped"},{"time":0.2666,"angle":0,"curve":"stepped"},{"time":0.3333,"angle":0,"curve":"stepped"},{"time":0.5,"angle":0}],"translate":[{"time":0,"x":-108.19,"y":28.9},{"time":0.2333,"x":-107.75,"y":-11},{"time":0.2666,"x":-107.44,"y":-24.31},{"time":0.3333,"x":-106.81,"y":-11.64},{"time":0.5,"x":-108.19,"y":28.9}],"scale":[{"time":0,"x":1,"y":1,"curve":"stepped"},{"time":0.2333,"x":1,"y":1,"curve":"stepped"},{"time":0.2666,"x":1,"y":1,"curve":"stepped"},{"time":0.3333,"x":1,"y":1,"curve":"stepped"},{"time":0.5,"x":1,"y":1}]},"Eyes":{"rotate":[{"time":0,"angle":0,"curve":"stepped"},{"time":0.2,"angle":0,"curve":"stepped"},{"time":0.2666,"angle":0,"curve":"stepped"},{"time":0.5,"angle":0}],"translate":[{"time":0,"x":0,"y":28.9},{"time":0.2,"x":0,"y":-33.9,"curve":"stepped"},{"time":0.2666,"x":0,"y":-33.9},{"time":0.5,"x":0,"y":28.9}],"scale":[{"time":0,"x":1,"y":1,"curve":"stepped"},{"time":0.2,"x":1,"y":1,"curve":"stepped"},{"time":0.2666,"x":1,"y":1,"curve":"stepped"},{"time":0.5,"x":1,"y":1}]},"Gun":{"rotate":[{"time":0,"angle":43.01},{"time":0.2,"angle":57.19},{"time":0.2666,"angle":-296.72},{"time":0.5,"angle":43.01}],"translate":[{"time":0,"x":40.95,"y":28.9},{"time":0.2,"x":40.95,"y":6.01},{"time":0.2666,"x":40.95,"y":-6.86},{"time":0.5,"x":40.95,"y":28.9}],"scale":[{"time":0,"x":1,"y":1,"curve":"stepped"},{"time":0.2,"x":1,"y":1,"curve":"stepped"},{"time":0.2666,"x":1,"y":1,"curve":"stepped"},{"time":0.5,"x":1,"y":1}]},"Head":{"rotate":[{"time":0,"angle":0},{"time":0.4666,"angle":-0.54},{"time":0.5,"angle":0}],"translate":[{"time":0,"x":0,"y":28.9},{"time":0.2,"x":0,"y":-5.76},{"time":0.2666,"x":0,"y":-33.58},{"time":0.4666,"x":0,"y":12.03},{"time":0.5,"x":0,"y":28.9}],"scale":[{"time":0,"x":1,"y":1,"curve":"stepped"},{"time":0.2,"x":1,"y":1,"curve":"stepped"},{"time":0.2666,"x":1,"y":1,"curve":"stepped"},{"time":0.4666,"x":1,"y":1,"curve":"stepped"},{"time":0.5,"x":1,"y":1}]},"Horn1":{"rotate":[{"time":0,"angle":0,"curve":"stepped"},{"time":0.5,"angle":0}],"translate":[{"time":0,"x":0,"y":28.9},{"time":0.2,"x":0,"y":6.36,"curve":"stepped"},{"time":0.2666,"x":0,"y":6.36},{"time":0.5,"x":0,"y":28.9}],"scale":[{"time":0,"x":1,"y":1,"curve":"stepped"},{"time":0.5,"x":1,"y":1}]},"Horn2":{"rotate":[{"time":0,"angle":0,"curve":"stepped"},{"time":0.5,"angle":0}],"translate":[{"time":0,"x":0,"y":28.9},{"time":0.2,"x":0,"y":6.36,"curve":"stepped"},{"time":0.2666,"x":0,"y":6.36},{"time":0.5,"x":0,"y":28.9}],"scale":[{"time":0,"x":1,"y":1,"curve":"stepped"},{"time":0.5,"x":1,"y":1}]},"Horn3":{"rotate":[{"time":0,"angle":0,"curve":"stepped"},{"time":0.2,"angle":0,"curve":"stepped"},{"time":0.2666,"angle":0,"curve":"stepped"},{"time":0.5,"angle":0}],"translate":[{"time":0,"x":-10.48,"y":28.9},{"time":0.2,"x":-5.23,"y":-5.68},{"time":0.2666,"x":-5.23,"y":-33.45},{"time":0.5,"x":-10.48,"y":28.9}],"scale":[{"time":0,"x":1,"y":-1,"curve":"stepped"},{"time":0.2,"x":1,"y":-1,"curve":"stepped"},{"time":0.2666,"x":1,"y":-1,"curve":"stepped"},{"time":0.5,"x":1,"y":-1}]},"Mask":{"rotate":[{"time":0,"angle":0,"curve":"stepped"},{"time":0.2,"angle":0,"curve":"stepped"},{"time":0.2666,"angle":0,"curve":"stepped"},{"time":0.5,"angle":0}],"translate":[{"time":0,"x":0,"y":28.9},{"time":0.2,"x":0,"y":-33.9,"curve":"stepped"},{"time":0.2666,"x":0,"y":-33.9},{"time":0.5,"x":0,"y":28.9}],"scale":[{"time":0,"x":1,"y":1,"curve":"stepped"},{"time":0.2,"x":1,"y":1,"curve":"stepped"},{"time":0.2666,"x":1,"y":1,"curve":"stepped"},{"time":0.5,"x":1,"y":1}]},"Mask2":{"rotate":[{"time":0,"angle":0.9,"curve":"stepped"},{"time":0.3333,"angle":0.9,"curve":"stepped"},{"time":0.3666,"angle":0.9,"curve":"stepped"},{"time":0.5,"angle":0.9}],"translate":[{"time":0,"x":-115.38,"y":28.9},{"time":0.2333,"x":-114.01,"y":0.41},{"time":0.2666,"x":-113.81,"y":-10.86},{"time":0.3333,"x":-113.42,"y":8.91},{"time":0.3666,"x":-115.38,"y":9.3},{"time":0.5,"x":-115.38,"y":28.9}],"scale":[{"time":0,"x":1,"y":-1,"curve":"stepped"},{"time":0.3333,"x":1,"y":-1,"curve":"stepped"},{"time":0.3666,"x":1,"y":-1,"curve":"stepped"},{"time":0.5,"x":1,"y":-1}]}},"drawOrder":[{"time":0,"offsets":[{"slot":"Eye2","offset":-3}]},{"time":0.5}]},"LeftFight":{"slots":{"Eye1":{"attachment":[{"time":0,"name":null}]},"Eyes":{"attachment":[{"time":0,"name":null}]},"Head2":{"attachment":[{"time":0,"name":"Head2"}]},"Horn1":{"attachment":[{"time":0,"name":null}]},"Horn2":{"attachment":[{"time":0,"name":null}]}},"bones":{"Body":{"rotate":[{"time":0,"angle":0,"curve":"stepped"},{"time":0.3666,"angle":0,"curve":"stepped"},{"time":0.5,"angle":0}],"translate":[{"time":0,"x":0,"y":28.9},{"time":0.3666,"x":-7.1,"y":27.45},{"time":0.5,"x":0,"y":26.92}],"scale":[{"time":0,"x":1,"y":1,"curve":"stepped"},{"time":0.3666,"x":1,"y":1,"curve":"stepped"},{"time":0.5,"x":1,"y":1}]},"Eye2":{"rotate":[{"time":0,"angle":0,"curve":"stepped"},{"time":0.3666,"angle":0,"curve":"stepped"},{"time":0.5,"angle":0}],"translate":[{"time":0,"x":-108.19,"y":28.9},{"time":0.3666,"x":-115.29,"y":25.93},{"time":0.5,"x":-108.19,"y":28.9}],"scale":[{"time":0,"x":1,"y":1,"curve":"stepped"},{"time":0.3666,"x":1,"y":1,"curve":"stepped"},{"time":0.5,"x":1,"y":1}]},"Eyes":{"rotate":[{"time":0,"angle":0,"curve":"stepped"},{"time":0.2,"angle":0,"curve":"stepped"},{"time":0.2666,"angle":0,"curve":"stepped"},{"time":0.3666,"angle":0,"curve":"stepped"},{"time":0.5,"angle":0}],"translate":[{"time":0,"x":0,"y":28.9},{"time":0.2,"x":0,"y":-33.9,"curve":"stepped"},{"time":0.2666,"x":0,"y":-33.9},{"time":0.3666,"x":-7.1,"y":-6.98},{"time":0.5,"x":0,"y":28.9}],"scale":[{"time":0,"x":1,"y":1,"curve":"stepped"},{"time":0.2,"x":1,"y":1,"curve":"stepped"},{"time":0.2666,"x":1,"y":1,"curve":"stepped"},{"time":0.3666,"x":1,"y":1,"curve":"stepped"},{"time":0.5,"x":1,"y":1}]},"Gun":{"rotate":[{"time":0,"angle":43.01},{"time":0.0666,"angle":-72.47},{"time":0.2,"angle":57.19},{"time":0.2666,"angle":-296.72},{"time":0.3666,"angle":-1.45},{"time":0.4333,"angle":-44.59},{"time":0.5,"angle":43.01}],"translate":[{"time":0,"x":40.95,"y":28.9},{"time":0.0666,"x":40.95,"y":21.27},{"time":0.2,"x":40.95,"y":6.01},{"time":0.2666,"x":40.95,"y":-6.86},{"time":0.3666,"x":33.84,"y":8.46},{"time":0.5,"x":40.95,"y":28.9}],"scale":[{"time":0,"x":1,"y":1,"curve":"stepped"},{"time":0.0666,"x":1,"y":1,"curve":"stepped"},{"time":0.2,"x":1,"y":1,"curve":"stepped"},{"time":0.2666,"x":1,"y":1,"curve":"stepped"},{"time":0.3666,"x":1,"y":1,"curve":"stepped"},{"time":0.5,"x":1,"y":1}]},"Head":{"rotate":[{"time":0,"angle":0,"curve":"stepped"},{"time":0.2333,"angle":0,"curve":"stepped"},{"time":0.3666,"angle":0,"curve":"stepped"},{"time":0.4,"angle":0,"curve":"stepped"},{"time":0.4333,"angle":0,"curve":"stepped"},{"time":0.5,"angle":0}],"translate":[{"time":0,"x":0,"y":28.9},{"time":0.2333,"x":-4.52,"y":19.46},{"time":0.3666,"x":-7.1,"y":22.54},{"time":0.4,"x":-5.39,"y":21.97},{"time":0.4333,"x":-5.39,"y":24.28},{"time":0.5,"x":0,"y":28.9}],"scale":[{"time":0,"x":1,"y":1,"curve":"stepped"},{"time":0.3666,"x":1,"y":1,"curve":"stepped"},{"time":0.4,"x":1,"y":1,"curve":"stepped"},{"time":0.4333,"x":1,"y":1,"curve":"stepped"},{"time":0.5,"x":1,"y":1}]},"Horn1":{"rotate":[{"time":0,"angle":0,"curve":"stepped"},{"time":0.3666,"angle":0,"curve":"stepped"},{"time":0.5,"angle":0}],"translate":[{"time":0,"x":0,"y":28.9},{"time":0.2,"x":0,"y":6.36,"curve":"stepped"},{"time":0.2666,"x":0,"y":6.36},{"time":0.3666,"x":-7.1,"y":16.02},{"time":0.5,"x":0,"y":28.9}],"scale":[{"time":0,"x":1,"y":1,"curve":"stepped"},{"time":0.3666,"x":1,"y":1,"curve":"stepped"},{"time":0.5,"x":1,"y":1}]},"Horn2":{"rotate":[{"time":0,"angle":0,"curve":"stepped"},{"time":0.3666,"angle":0,"curve":"stepped"},{"time":0.5,"angle":0}],"translate":[{"time":0,"x":0,"y":28.9},{"time":0.2,"x":0,"y":6.36,"curve":"stepped"},{"time":0.2666,"x":0,"y":6.36},{"time":0.3666,"x":-7.1,"y":16.02},{"time":0.5,"x":0,"y":28.9}],"scale":[{"time":0,"x":1,"y":1,"curve":"stepped"},{"time":0.3666,"x":1,"y":1,"curve":"stepped"},{"time":0.5,"x":1,"y":1}]},"Horn3":{"rotate":[{"time":0,"angle":0,"curve":"stepped"},{"time":0.2666,"angle":0,"curve":"stepped"},{"time":0.5,"angle":0}],"translate":[{"time":0,"x":-10.79,"y":28.9},{"time":0.2666,"x":-10.79,"y":13.48},{"time":0.5,"x":-10.79,"y":28.9}],"scale":[{"time":0,"x":1,"y":-1,"curve":"stepped"},{"time":0.2666,"x":1,"y":-1,"curve":"stepped"},{"time":0.5,"x":1,"y":-1}]},"Mask":{"rotate":[{"time":0,"angle":0,"curve":"stepped"},{"time":0.2,"angle":0,"curve":"stepped"},{"time":0.2666,"angle":0,"curve":"stepped"},{"time":0.3666,"angle":0,"curve":"stepped"},{"time":0.5,"angle":0}],"translate":[{"time":0,"x":0,"y":28.9},{"time":0.2,"x":0,"y":-33.9,"curve":"stepped"},{"time":0.2666,"x":0,"y":-33.9},{"time":0.3666,"x":-7.1,"y":-6.98},{"time":0.5,"x":0,"y":28.9}],"scale":[{"time":0,"x":1,"y":1,"curve":"stepped"},{"time":0.2,"x":1,"y":1,"curve":"stepped"},{"time":0.2666,"x":1,"y":1,"curve":"stepped"},{"time":0.3666,"x":1,"y":1,"curve":"stepped"},{"time":0.5,"x":1,"y":1}]},"Mask2":{"rotate":[{"time":0,"angle":0.9,"curve":"stepped"},{"time":0.3666,"angle":0.9,"curve":"stepped"},{"time":0.5,"angle":0.9}],"translate":[{"time":0,"x":-115.38,"y":28.9},{"time":0.3666,"x":-122.49,"y":25.93},{"time":0.5,"x":-115.38,"y":28.9}],"scale":[{"time":0,"x":1,"y":-1,"curve":"stepped"},{"time":0.3666,"x":1,"y":-1,"curve":"stepped"},{"time":0.5,"x":1,"y":-1}]}},"drawOrder":[{"time":0,"offsets":[{"slot":"Eye2","offset":-3}]},{"time":0.5,"offsets":[{"slot":"Eye2","offset":-3}]}]},"Right":{"slots":{"Eye1":{"attachment":[{"time":0,"name":null}]},"Eye2":{"attachment":[{"time":0,"name":"Eye1"}]},"Eyes":{"attachment":[{"time":0,"name":null},{"time":0.2,"name":null}]},"Horn1":{"attachment":[{"time":0,"name":null}]},"Horn2":{"attachment":[{"time":0,"name":null}]}},"bones":{"Body":{"rotate":[{"time":0,"angle":0,"curve":"stepped"},{"time":0.5,"angle":0}],"translate":[{"time":0,"x":0,"y":28.9},{"time":0.2,"x":0,"y":6.36,"curve":"stepped"},{"time":0.2666,"x":0,"y":6.36,"curve":[0.534,0,1,0]},{"time":0.5,"x":0,"y":28.9}],"scale":[{"time":0,"x":1,"y":1,"curve":"stepped"},{"time":0.5,"x":1,"y":1}]},"Eye2":{"rotate":[{"time":0,"angle":0,"curve":"stepped"},{"time":0.2666,"angle":0,"curve":"stepped"},{"time":0.5,"angle":0}],"translate":[{"time":0,"x":-10.79,"y":28.9},{"time":0.2666,"x":-10.66,"y":-24.11},{"time":0.5,"x":-10.79,"y":28.9}],"scale":[{"time":0,"x":1,"y":1,"curve":"stepped"},{"time":0.2666,"x":1,"y":1,"curve":"stepped"},{"time":0.5,"x":1,"y":1}]},"Eyes":{"rotate":[{"time":0,"angle":0,"curve":"stepped"},{"time":0.2,"angle":0,"curve":"stepped"},{"time":0.2666,"angle":0,"curve":"stepped"},{"time":0.5,"angle":0}],"translate":[{"time":0,"x":0,"y":28.9},{"time":0.2,"x":0,"y":-33.9,"curve":"stepped"},{"time":0.2666,"x":0,"y":-33.9},{"time":0.5,"x":0,"y":28.9}],"scale":[{"time":0,"x":1,"y":1,"curve":"stepped"},{"time":0.2,"x":1,"y":1,"curve":"stepped"},{"time":0.2666,"x":1,"y":1,"curve":"stepped"},{"time":0.5,"x":1,"y":1}]},"Gun":{"rotate":[{"time":0,"angle":-92.3,"curve":"stepped"},{"time":0.2,"angle":-92.3},{"time":0.2666,"angle":-112.47},{"time":0.5,"angle":-92.3}],"translate":[{"time":0,"x":40.95,"y":28.9},{"time":0.2,"x":40.95,"y":4.71},{"time":0.2666,"x":40.95,"y":-9.77},{"time":0.5,"x":40.95,"y":28.9}],"scale":[{"time":0,"x":1,"y":1,"curve":"stepped"},{"time":0.2,"x":1,"y":1,"curve":"stepped"},{"time":0.2666,"x":1,"y":1,"curve":"stepped"},{"time":0.5,"x":1,"y":1}]},"Head":{"rotate":[{"time":0,"angle":0},{"time":0.4666,"angle":-0.54},{"time":0.5,"angle":0}],"translate":[{"time":0,"x":0,"y":28.9},{"time":0.2,"x":0,"y":-5.76},{"time":0.2666,"x":0,"y":-33.58},{"time":0.4666,"x":0,"y":12.03},{"time":0.5,"x":0,"y":28.9}],"scale":[{"time":0,"x":1,"y":1,"curve":"stepped"},{"time":0.2,"x":1,"y":1,"curve":"stepped"},{"time":0.2666,"x":1,"y":1,"curve":"stepped"},{"time":0.4666,"x":1,"y":1,"curve":"stepped"},{"time":0.5,"x":1,"y":1}]},"Horn1":{"rotate":[{"time":0,"angle":0,"curve":"stepped"},{"time":0.5,"angle":0}],"translate":[{"time":0,"x":0,"y":28.9},{"time":0.2,"x":0,"y":6.36,"curve":"stepped"},{"time":0.2666,"x":0,"y":6.36},{"time":0.5,"x":0,"y":28.9}],"scale":[{"time":0,"x":1,"y":1,"curve":"stepped"},{"time":0.5,"x":1,"y":1}]},"Horn2":{"rotate":[{"time":0,"angle":0,"curve":"stepped"},{"time":0.5,"angle":0}],"translate":[{"time":0,"x":0,"y":28.9},{"time":0.2,"x":0,"y":6.36,"curve":"stepped"},{"time":0.2666,"x":0,"y":6.36},{"time":0.5,"x":0,"y":28.9}],"scale":[{"time":0,"x":1,"y":1,"curve":"stepped"},{"time":0.5,"x":1,"y":1}]},"Horn3":{"rotate":[{"time":0,"angle":0,"curve":"stepped"},{"time":0.2,"angle":0,"curve":"stepped"},{"time":0.2666,"angle":0,"curve":"stepped"},{"time":0.4666,"angle":0,"curve":"stepped"},{"time":0.5,"angle":0}],"translate":[{"time":0,"x":0,"y":28.9},{"time":0.2,"x":0,"y":-3.65},{"time":0.2666,"x":0,"y":-35.26},{"time":0.4666,"x":0,"y":9.71},{"time":0.5,"x":0,"y":28.9}],"scale":[{"time":0,"x":1,"y":1,"curve":"stepped"},{"time":0.2,"x":1,"y":1,"curve":"stepped"},{"time":0.2666,"x":1,"y":1,"curve":"stepped"},{"time":0.4666,"x":1,"y":1,"curve":"stepped"},{"time":0.5,"x":1,"y":1}]},"Mask":{"rotate":[{"time":0,"angle":0,"curve":"stepped"},{"time":0.2,"angle":0,"curve":"stepped"},{"time":0.2666,"angle":0,"curve":"stepped"},{"time":0.5,"angle":0}],"translate":[{"time":0,"x":0,"y":28.9},{"time":0.2,"x":0,"y":-33.9,"curve":"stepped"},{"time":0.2666,"x":0,"y":-33.9},{"time":0.5,"x":0,"y":28.9}],"scale":[{"time":0,"x":1,"y":1,"curve":"stepped"},{"time":0.2,"x":1,"y":1,"curve":"stepped"},{"time":0.2666,"x":1,"y":1,"curve":"stepped"},{"time":0.5,"x":1,"y":1}]},"Mask2":{"rotate":[{"time":0,"angle":0,"curve":"stepped"},{"time":0.2666,"angle":0,"curve":"stepped"},{"time":0.5,"angle":0}],"translate":[{"time":0,"x":0,"y":28.9},{"time":0.2666,"x":-2.18,"y":-5.61},{"time":0.5,"x":0,"y":28.9}],"scale":[{"time":0,"x":1,"y":1,"curve":"stepped"},{"time":0.2666,"x":1,"y":1,"curve":"stepped"},{"time":0.5,"x":1,"y":1}]}},"drawOrder":[{"time":0,"offsets":[{"slot":"Eye2","offset":-3}]}]},"RightFight":{"slots":{"Eye1":{"attachment":[{"time":0,"name":null}]},"Eyes":{"attachment":[{"time":0,"name":null}]},"Horn1":{"attachment":[{"time":0,"name":null}]},"Horn2":{"attachment":[{"time":0,"name":null}]}},"bones":{"Body":{"rotate":[{"time":0,"angle":0,"curve":"stepped"},{"time":0.5,"angle":0}],"translate":[{"time":0,"x":0,"y":28.9},{"time":0.2,"x":2.68,"y":28.9},{"time":0.5,"x":0,"y":28.9}],"scale":[{"time":0,"x":1,"y":1,"curve":"stepped"},{"time":0.5,"x":1,"y":1}]},"Eye2":{"rotate":[{"time":0,"angle":0,"curve":"stepped"},{"time":0.2666,"angle":0,"curve":"stepped"},{"time":0.5,"angle":0}],"translate":[{"time":0,"x":-11.28,"y":28.1},{"time":0.2666,"x":-11.82,"y":28.9},{"time":0.5,"x":-11.28,"y":28.1}],"scale":[{"time":0,"x":1,"y":1,"curve":"stepped"},{"time":0.2666,"x":1,"y":1,"curve":"stepped"},{"time":0.5,"x":1,"y":1}]},"Eyes":{"rotate":[{"time":0,"angle":0,"curve":"stepped"},{"time":0.2,"angle":0,"curve":"stepped"},{"time":0.2666,"angle":0,"curve":"stepped"},{"time":0.5,"angle":0}],"translate":[{"time":0,"x":0,"y":28.9},{"time":0.2,"x":2.68,"y":-33.9},{"time":0.2666,"x":0,"y":-33.9},{"time":0.5,"x":0,"y":28.9}],"scale":[{"time":0,"x":1,"y":1,"curve":"stepped"},{"time":0.2,"x":1,"y":1,"curve":"stepped"},{"time":0.2666,"x":1,"y":1,"curve":"stepped"},{"time":0.5,"x":1,"y":1}]},"Gun":{"rotate":[{"time":0,"angle":-92.3},{"time":0.1333,"angle":12.88},{"time":0.2,"angle":-92.3},{"time":0.2666,"angle":-112.47},{"time":0.3666,"angle":8.9},{"time":0.4333,"angle":-3.44},{"time":0.5,"angle":-92.3}],"translate":[{"time":0,"x":40.95,"y":28.9},{"time":0.1333,"x":40.95,"y":12.78},{"time":0.2,"x":43.63,"y":4.71},{"time":0.2666,"x":40.95,"y":-9.77},{"time":0.5,"x":40.95,"y":28.9}],"scale":[{"time":0,"x":1,"y":1,"curve":"stepped"},{"time":0.1333,"x":1,"y":1,"curve":"stepped"},{"time":0.2,"x":1,"y":1,"curve":"stepped"},{"time":0.2666,"x":1,"y":1,"curve":"stepped"},{"time":0.5,"x":1,"y":1}]},"Head":{"rotate":[{"time":0,"angle":0},{"time":0.2666,"angle":3.73},{"time":0.4333,"angle":-6.34},{"time":0.5,"angle":0}],"translate":[{"time":0,"x":0,"y":28.9},{"time":0.2,"x":2.68,"y":25},{"time":0.2666,"x":3.22,"y":23.7},{"time":0.5,"x":0,"y":28.9}],"scale":[{"time":0,"x":1,"y":1,"curve":"stepped"},{"time":0.2666,"x":1,"y":1,"curve":"stepped"},{"time":0.5,"x":1,"y":1}]},"Horn1":{"rotate":[{"time":0,"angle":0,"curve":"stepped"},{"time":0.5,"angle":0}],"translate":[{"time":0,"x":0,"y":28.9},{"time":0.2,"x":2.68,"y":6.36},{"time":0.2666,"x":0,"y":6.36},{"time":0.5,"x":0,"y":28.9}],"scale":[{"time":0,"x":1,"y":1,"curve":"stepped"},{"time":0.5,"x":1,"y":1}]},"Horn2":{"rotate":[{"time":0,"angle":0,"curve":"stepped"},{"time":0.5,"angle":0}],"translate":[{"time":0,"x":0,"y":28.9},{"time":0.2,"x":2.68,"y":6.36},{"time":0.2666,"x":0,"y":6.36},{"time":0.5,"x":0,"y":28.9}],"scale":[{"time":0,"x":1,"y":1,"curve":"stepped"},{"time":0.5,"x":1,"y":1}]},"Horn3":{"rotate":[{"time":0,"angle":0,"curve":"stepped"},{"time":0.2,"angle":0,"curve":"stepped"},{"time":0.2666,"angle":0,"curve":"stepped"},{"time":0.5,"angle":0}],"translate":[{"time":0,"x":0,"y":28.9},{"time":0.2,"x":2.68,"y":21.68},{"time":0.2666,"x":0,"y":18.45},{"time":0.5,"x":0,"y":28.9}],"scale":[{"time":0,"x":1,"y":1,"curve":"stepped"},{"time":0.2,"x":1,"y":1,"curve":"stepped"},{"time":0.2666,"x":1,"y":1,"curve":"stepped"},{"time":0.5,"x":1,"y":1}]},"Mask":{"rotate":[{"time":0,"angle":0,"curve":"stepped"},{"time":0.2,"angle":0,"curve":"stepped"},{"time":0.2666,"angle":0,"curve":"stepped"},{"time":0.5,"angle":0}],"translate":[{"time":0,"x":0,"y":28.9},{"time":0.2,"x":2.68,"y":-33.9},{"time":0.2666,"x":0,"y":-33.9},{"time":0.5,"x":0,"y":28.9}],"scale":[{"time":0,"x":1,"y":1,"curve":"stepped"},{"time":0.2,"x":1,"y":1,"curve":"stepped"},{"time":0.2666,"x":1,"y":1,"curve":"stepped"},{"time":0.5,"x":1,"y":1}]},"Mask2":{"rotate":[{"time":0,"angle":0,"curve":"stepped"},{"time":0.5,"angle":0}],"translate":[{"time":0,"x":0,"y":28.9},{"time":0.2,"x":2.68,"y":28.9},{"time":0.5,"x":0,"y":28.9}],"scale":[{"time":0,"x":1,"y":1,"curve":"stepped"},{"time":0.5,"x":1,"y":1}]}},"drawOrder":[{"time":0,"offsets":[{"slot":"Eye2","offset":-3}]},{"time":0.5,"offsets":[{"slot":"Eye2","offset":-3}]}]}}}