{"skeleton":{"hash":"4TazubqjVqS1wO+9RmJ2ztmMOMc","spine":"2.1.07","width":264.6,"height":446.8,"images":""},"bones":[{"name":"root"},{"name":"Body","parent":"root","length":155.85,"x":-0.7,"y":-137,"rotation":89.54},{"name":"Eye2","parent":"root","length":17.39,"x":66.81,"y":29.81,"rotation":89.09},{"name":"Eyes","parent":"root","length":21.14,"x":-25.93,"y":31.2,"rotation":90},{"name":"Gun","parent":"root","length":55.54,"x":-41.62,"y":-71.18,"rotation":118.7},{"name":"Head","parent":"root","length":79.11,"x":0.32,"y":19.21,"rotation":90},{"name":"Horn1","parent":"root","length":25.68,"x":-59.07,"y":227.13,"rotation":121.22},{"name":"Horn2","parent":"root","length":20.44,"x":54.38,"y":227.7,"rotation":57.79},{"name":"Horn3","parent":"root","length":21.55,"x":-13.59,"y":268.53,"rotation":90},{"name":"Mask","parent":"root","length":19.77,"x":28.28,"y":30.67,"rotation":90},{"name":"Mask2","parent":"root","length":19.43,"x":60.33,"y":28.48,"rotation":89.09}],"slots":[{"name":"body4","bone":"Body","attachment":"body4"},{"name":"Horn3","bone":"Horn1","attachment":"Horn2"},{"name":"Horn2","bone":"Horn2","attachment":"Horn2"},{"name":"Head5","bone":"Head","attachment":"Head5"},{"name":"Mask1","bone":"Mask","attachment":"Mask1"},{"name":"Eye1","bone":"Eyes","attachment":"Eye1"},{"name":"Eyes","bone":"Eyes","attachment":"Eye1"},{"name":"Mask1-2","bone":"Eye2","attachment":"Mask1-2"},{"name":"Eye2","bone":"Mask2","attachment":"Eye1"},{"name":"Gun4","bone":"Gun","attachment":"Gun4"},{"name":"Horn4","bone":"Horn3","attachment":"Horn2"}],"skins":{"default":{"Eye1":{"Eye1":{"x":6.17,"y":-3.8,"rotation":-90,"width":23,"height":23}},"Eye2":{"Eye1":{"x":8.91,"y":-9.76,"rotation":-89.09,"width":23,"height":23}},"Eyes":{"Eye1":{"x":5.7,"y":-54.63,"rotation":-90,"width":23,"height":23}},"Gun4":{"Gun4":{"x":86.89,"y":8.6,"rotation":-90.62,"width":37,"height":176}},"Head5":{"Head5":{"x":109.5,"y":0.9,"rotation":-90,"width":170,"height":226}},"Horn2":{"Horn2":{"x":46.12,"y":-1.39,"scaleX":-1,"rotation":-57.79,"width":60,"height":86}},"Horn3":{"Horn2":{"x":43.53,"y":-1.15,"rotation":-121.22,"width":60,"height":86}},"Horn4":{"Horn2":{"rotation":-90,"width":60,"height":86}},"Mask1":{"Mask1":{"x":8.07,"y":26.6,"rotation":-90,"width":92,"height":35}},"Mask1-2":{"Mask1-2":{"x":7.94,"y":-2.5,"rotation":-89.09,"width":29,"height":35}},"body4":{"body4":{"x":73.3,"y":0.57,"rotation":-89.54,"width":170,"height":160}}}},"animations":{"Back":{"slots":{"Eye1":{"attachment":[{"time":0,"name":null}]},"Eye2":{"attachment":[{"time":0,"name":null}]},"Eyes":{"attachment":[{"time":0,"name":null}]},"Horn4":{"attachment":[{"time":0,"name":null}]},"Mask1":{"attachment":[{"time":0,"name":null}]},"Mask1-2":{"attachment":[{"time":0,"name":null}]}},"bones":{"Body":{"rotate":[{"time":0,"angle":0,"curve":"stepped"},{"time":0.5,"angle":0}],"translate":[{"time":0,"x":0,"y":28.9},{"time":0.2,"x":0,"y":6.36,"curve":"stepped"},{"time":0.2666,"x":0,"y":6.36,"curve":[0.534,0,1,0]},{"time":0.5,"x":0,"y":28.9}],"scale":[{"time":0,"x":1,"y":1,"curve":"stepped"},{"time":0.5,"x":1,"y":1}]},"Eye2":{"rotate":[{"time":0,"angle":0,"curve":"stepped"},{"time":0.5,"angle":0}],"translate":[{"time":0,"x":0,"y":28.9},{"time":0.2,"x":0,"y":6.36,"curve":"stepped"},{"time":0.2666,"x":0,"y":6.36},{"time":0.5,"x":0,"y":28.9}],"scale":[{"time":0,"x":1,"y":1,"curve":"stepped"},{"time":0.5,"x":1,"y":1}]},"Eyes":{"rotate":[{"time":0,"angle":0,"curve":"stepped"},{"time":0.2,"angle":0,"curve":"stepped"},{"time":0.2666,"angle":0,"curve":"stepped"},{"time":0.5,"angle":0}],"translate":[{"time":0,"x":0,"y":28.9},{"time":0.2,"x":0,"y":-33.9,"curve":"stepped"},{"time":0.2666,"x":0,"y":-33.9},{"time":0.5,"x":0,"y":28.9}],"scale":[{"time":0,"x":1,"y":1,"curve":"stepped"},{"time":0.2,"x":1,"y":1,"curve":"stepped"},{"time":0.2666,"x":1,"y":1,"curve":"stepped"},{"time":0.5,"x":1,"y":1}]},"Gun":{"rotate":[{"time":0,"angle":-69.86},{"time":0.2,"angle":-85.75},{"time":0.5,"angle":-69.86}],"translate":[{"time":0,"x":62.97,"y":28.9},{"time":0.2,"x":51.06,"y":-32.21},{"time":0.2666,"x":45.38,"y":6.36},{"time":0.5,"x":62.97,"y":28.9}],"scale":[{"time":0,"x":1,"y":1,"curve":"stepped"},{"time":0.2,"x":1,"y":1,"curve":"stepped"},{"time":0.5,"x":1,"y":1}]},"Head":{"rotate":[{"time":0,"angle":0},{"time":0.2,"angle":3.89},{"time":0.2666,"angle":-3.78},{"time":0.4666,"angle":-0.54},{"time":0.5,"angle":0}],"translate":[{"time":0,"x":0,"y":28.9},{"time":0.2,"x":0,"y":-5.76},{"time":0.2666,"x":0,"y":-33.58},{"time":0.4666,"x":0,"y":12.03},{"time":0.5,"x":0,"y":28.9}],"scale":[{"time":0,"x":1,"y":1,"curve":"stepped"},{"time":0.2,"x":1,"y":1,"curve":"stepped"},{"time":0.2666,"x":1,"y":1,"curve":"stepped"},{"time":0.4666,"x":1,"y":1,"curve":"stepped"},{"time":0.5,"x":1,"y":1}]},"Horn1":{"rotate":[{"time":0,"angle":0,"curve":"stepped"},{"time":0.2,"angle":0,"curve":"stepped"},{"time":0.2666,"angle":0,"curve":"stepped"},{"time":0.4666,"angle":0,"curve":"stepped"},{"time":0.5,"angle":0}],"translate":[{"time":0,"x":0,"y":28.9},{"time":0.2,"x":-24.67,"y":-8.9},{"time":0.2666,"x":11.1,"y":-38.78},{"time":0.4666,"x":0,"y":13.16},{"time":0.5,"x":0,"y":28.9}],"scale":[{"time":0,"x":1,"y":1,"curve":"stepped"},{"time":0.2,"x":1,"y":1,"curve":"stepped"},{"time":0.2666,"x":1,"y":1,"curve":"stepped"},{"time":0.4666,"x":1,"y":1,"curve":"stepped"},{"time":0.5,"x":1,"y":1}]},"Horn2":{"rotate":[{"time":0,"angle":0,"curve":"stepped"},{"time":0.2,"angle":0,"curve":"stepped"},{"time":0.2666,"angle":0,"curve":"stepped"},{"time":0.4666,"angle":0,"curve":"stepped"},{"time":0.5,"angle":0}],"translate":[{"time":0,"x":0,"y":28.9},{"time":0.2,"x":-24.67,"y":-8.9},{"time":0.2666,"x":11.1,"y":-38.78},{"time":0.4666,"x":0,"y":13.16},{"time":0.5,"x":0,"y":28.9}],"scale":[{"time":0,"x":1,"y":1,"curve":"stepped"},{"time":0.2,"x":1,"y":1,"curve":"stepped"},{"time":0.2666,"x":1,"y":1,"curve":"stepped"},{"time":0.4666,"x":1,"y":1,"curve":"stepped"},{"time":0.5,"x":1,"y":1}]},"Horn3":{"rotate":[{"time":0,"angle":0,"curve":"stepped"},{"time":0.5,"angle":0}],"translate":[{"time":0,"x":0,"y":28.9},{"time":0.2,"x":0,"y":6.36,"curve":"stepped"},{"time":0.2666,"x":0,"y":6.36},{"time":0.5,"x":0,"y":28.9}],"scale":[{"time":0,"x":1,"y":1,"curve":"stepped"},{"time":0.5,"x":1,"y":1}]},"Mask":{"rotate":[{"time":0,"angle":0,"curve":"stepped"},{"time":0.2,"angle":0,"curve":"stepped"},{"time":0.2666,"angle":0,"curve":"stepped"},{"time":0.5,"angle":0}],"translate":[{"time":0,"x":0,"y":28.9},{"time":0.2,"x":0,"y":-33.9,"curve":"stepped"},{"time":0.2666,"x":0,"y":-33.9},{"time":0.5,"x":0,"y":28.9}],"scale":[{"time":0,"x":1,"y":1,"curve":"stepped"},{"time":0.2,"x":1,"y":1,"curve":"stepped"},{"time":0.2666,"x":1,"y":1,"curve":"stepped"},{"time":0.5,"x":1,"y":1}]},"Mask2":{"rotate":[{"time":0,"angle":0,"curve":"stepped"},{"time":0.5,"angle":0}],"translate":[{"time":0,"x":0,"y":28.9},{"time":0.2,"x":0,"y":6.36,"curve":"stepped"},{"time":0.2666,"x":0,"y":6.36},{"time":0.5,"x":0,"y":28.9}],"scale":[{"time":0,"x":1,"y":1,"curve":"stepped"},{"time":0.5,"x":1,"y":1}]}},"drawOrder":[{"time":0,"offsets":[{"slot":"Gun4","offset":-9}]},{"time":0.5,"offsets":[{"slot":"Gun4","offset":-9}]}]},"BackFight":{"slots":{"Eye1":{"attachment":[{"time":0,"name":null}]},"Eye2":{"attachment":[{"time":0,"name":null}]},"Eyes":{"attachment":[{"time":0,"name":null}]},"Horn4":{"attachment":[{"time":0,"name":null}]},"Mask1":{"attachment":[{"time":0,"name":null}]},"Mask1-2":{"attachment":[{"time":0,"name":null}]}},"bones":{"Body":{"rotate":[{"time":0,"angle":0,"curve":"stepped"},{"time":0.5,"angle":0}],"translate":[{"time":0,"x":0,"y":28.9,"curve":"stepped"},{"time":0.5,"x":0,"y":28.9}],"scale":[{"time":0,"x":1,"y":1,"curve":"stepped"},{"time":0.5,"x":1,"y":1}]},"Eye2":{"rotate":[{"time":0,"angle":0,"curve":"stepped"},{"time":0.5,"angle":0}],"translate":[{"time":0,"x":0,"y":28.9},{"time":0.2,"x":0,"y":6.36,"curve":"stepped"},{"time":0.2666,"x":0,"y":6.36},{"time":0.5,"x":0,"y":28.9}],"scale":[{"time":0,"x":1,"y":1,"curve":"stepped"},{"time":0.5,"x":1,"y":1}]},"Eyes":{"rotate":[{"time":0,"angle":0,"curve":"stepped"},{"time":0.2,"angle":0,"curve":"stepped"},{"time":0.2666,"angle":0,"curve":"stepped"},{"time":0.5,"angle":0}],"translate":[{"time":0,"x":0,"y":28.9},{"time":0.2,"x":0,"y":-33.9,"curve":"stepped"},{"time":0.2666,"x":0,"y":-33.9},{"time":0.5,"x":0,"y":28.9}],"scale":[{"time":0,"x":1,"y":1,"curve":"stepped"},{"time":0.2,"x":1,"y":1,"curve":"stepped"},{"time":0.2666,"x":1,"y":1,"curve":"stepped"},{"time":0.5,"x":1,"y":1}]},"Gun":{"rotate":[{"time":0,"angle":-69.86},{"time":0.1,"angle":45.31},{"time":0.2,"angle":-85.75},{"time":0.5,"angle":-69.86}],"translate":[{"time":0,"x":62.97,"y":28.9},{"time":0.1,"x":57.01,"y":-1.65},{"time":0.2,"x":51.06,"y":-32.21},{"time":0.2666,"x":45.38,"y":6.36},{"time":0.5,"x":62.97,"y":28.9}],"scale":[{"time":0,"x":1,"y":1,"curve":"stepped"},{"time":0.1,"x":1,"y":1,"curve":"stepped"},{"time":0.2,"x":1,"y":1,"curve":"stepped"},{"time":0.5,"x":1,"y":1}]},"Head":{"rotate":[{"time":0,"angle":0},{"time":0.4666,"angle":-0.54},{"time":0.5,"angle":0}],"translate":[{"time":0,"x":0,"y":28.9},{"time":0.4666,"x":0,"y":12.03},{"time":0.5,"x":0,"y":28.9}],"scale":[{"time":0,"x":1,"y":1,"curve":"stepped"},{"time":0.4666,"x":1,"y":1,"curve":"stepped"},{"time":0.5,"x":1,"y":1}]},"Horn1":{"rotate":[{"time":0,"angle":0,"curve":"stepped"},{"time":0.4666,"angle":0,"curve":"stepped"},{"time":0.5,"angle":0}],"translate":[{"time":0,"x":0,"y":28.9},{"time":0.2,"x":0,"y":6.36,"curve":"stepped"},{"time":0.2666,"x":0,"y":6.36},{"time":0.4666,"x":0,"y":15.99},{"time":0.5,"x":0,"y":28.9}],"scale":[{"time":0,"x":1,"y":1,"curve":"stepped"},{"time":0.4666,"x":1,"y":1,"curve":"stepped"},{"time":0.5,"x":1,"y":1}]},"Horn2":{"rotate":[{"time":0,"angle":0,"curve":"stepped"},{"time":0.4666,"angle":0,"curve":"stepped"},{"time":0.5,"angle":0}],"translate":[{"time":0,"x":0,"y":28.9},{"time":0.2,"x":0,"y":6.36,"curve":"stepped"},{"time":0.2666,"x":0,"y":6.36},{"time":0.4666,"x":0,"y":15.99},{"time":0.5,"x":0,"y":28.9}],"scale":[{"time":0,"x":1,"y":1,"curve":"stepped"},{"time":0.4666,"x":1,"y":1,"curve":"stepped"},{"time":0.5,"x":1,"y":1}]},"Horn3":{"rotate":[{"time":0,"angle":0,"curve":"stepped"},{"time":0.5,"angle":0}],"translate":[{"time":0,"x":0,"y":28.9},{"time":0.2,"x":0,"y":6.36,"curve":"stepped"},{"time":0.2666,"x":0,"y":6.36},{"time":0.5,"x":0,"y":28.9}],"scale":[{"time":0,"x":1,"y":1,"curve":"stepped"},{"time":0.5,"x":1,"y":1}]},"Mask":{"rotate":[{"time":0,"angle":0,"curve":"stepped"},{"time":0.2,"angle":0,"curve":"stepped"},{"time":0.2666,"angle":0,"curve":"stepped"},{"time":0.5,"angle":0}],"translate":[{"time":0,"x":0,"y":28.9},{"time":0.2,"x":0,"y":-33.9,"curve":"stepped"},{"time":0.2666,"x":0,"y":-33.9},{"time":0.5,"x":0,"y":28.9}],"scale":[{"time":0,"x":1,"y":1,"curve":"stepped"},{"time":0.2,"x":1,"y":1,"curve":"stepped"},{"time":0.2666,"x":1,"y":1,"curve":"stepped"},{"time":0.5,"x":1,"y":1}]},"Mask2":{"rotate":[{"time":0,"angle":0,"curve":"stepped"},{"time":0.5,"angle":0}],"translate":[{"time":0,"x":0,"y":28.9},{"time":0.2,"x":0,"y":6.36,"curve":"stepped"},{"time":0.2666,"x":0,"y":6.36},{"time":0.5,"x":0,"y":28.9}],"scale":[{"time":0,"x":1,"y":1,"curve":"stepped"},{"time":0.5,"x":1,"y":1}]}},"drawOrder":[{"time":0,"offsets":[{"slot":"Gun4","offset":-9}]}]},"Front":{"slots":{"Eye2":{"attachment":[{"time":0,"name":null}]},"Horn4":{"attachment":[{"time":0,"name":null}]},"Mask1-2":{"attachment":[{"time":0,"name":null}]}},"bones":{"Body":{"rotate":[{"time":0,"angle":0,"curve":"stepped"},{"time":0.5,"angle":0}],"translate":[{"time":0,"x":0,"y":28.9},{"time":0.2,"x":0,"y":6.36,"curve":"stepped"},{"time":0.2666,"x":0,"y":6.36,"curve":[0.534,0,1,0]},{"time":0.5,"x":0,"y":28.9}],"scale":[{"time":0,"x":1,"y":1,"curve":"stepped"},{"time":0.5,"x":1,"y":1}]},"Eye2":{"rotate":[{"time":0,"angle":0,"curve":"stepped"},{"time":0.5,"angle":0}],"translate":[{"time":0,"x":0,"y":28.9},{"time":0.2,"x":0,"y":6.36,"curve":"stepped"},{"time":0.2666,"x":0,"y":6.36},{"time":0.5,"x":0,"y":28.9}],"scale":[{"time":0,"x":1,"y":1,"curve":"stepped"},{"time":0.5,"x":1,"y":1}]},"Eyes":{"rotate":[{"time":0,"angle":0,"curve":"stepped"},{"time":0.2,"angle":0,"curve":"stepped"},{"time":0.2666,"angle":0,"curve":"stepped"},{"time":0.5,"angle":0}],"translate":[{"time":0,"x":0,"y":28.9},{"time":0.2,"x":0,"y":11.65},{"time":0.2666,"x":0,"y":-5.16},{"time":0.5,"x":0,"y":28.9}],"scale":[{"time":0,"x":1,"y":1,"curve":"stepped"},{"time":0.2,"x":1,"y":1,"curve":"stepped"},{"time":0.2666,"x":1,"y":1,"curve":"stepped"},{"time":0.5,"x":1,"y":1}]},"Gun":{"rotate":[{"time":0,"angle":0},{"time":0.2,"angle":33.23},{"time":0.5,"angle":0}],"translate":[{"time":0,"x":34.04,"y":28.9},{"time":0.2,"x":51.06,"y":-32.21},{"time":0.2666,"x":45.38,"y":6.36},{"time":0.5,"x":34.04,"y":28.9}],"scale":[{"time":0,"x":1,"y":1,"curve":"stepped"},{"time":0.2,"x":1,"y":1,"curve":"stepped"},{"time":0.5,"x":1,"y":1}]},"Head":{"rotate":[{"time":0,"angle":0},{"time":0.2,"angle":3.89},{"time":0.2666,"angle":-3.78},{"time":0.4666,"angle":-0.54},{"time":0.5,"angle":0}],"translate":[{"time":0,"x":0,"y":28.9},{"time":0.2,"x":0,"y":-5.76},{"time":0.2666,"x":0,"y":-33.58},{"time":0.4666,"x":0,"y":12.03},{"time":0.5,"x":0,"y":28.9}],"scale":[{"time":0,"x":1,"y":1,"curve":"stepped"},{"time":0.2,"x":1,"y":1,"curve":"stepped"},{"time":0.2666,"x":1,"y":1,"curve":"stepped"},{"time":0.4666,"x":1,"y":1,"curve":"stepped"},{"time":0.5,"x":1,"y":1}]},"Horn1":{"rotate":[{"time":0,"angle":0,"curve":"stepped"},{"time":0.2,"angle":0,"curve":"stepped"},{"time":0.2666,"angle":0,"curve":"stepped"},{"time":0.5,"angle":0}],"translate":[{"time":0,"x":0,"y":28.9},{"time":0.2,"x":-20.08,"y":-5.78},{"time":0.2666,"x":16.33,"y":-37.33},{"time":0.5,"x":0,"y":28.9}],"scale":[{"time":0,"x":1,"y":1,"curve":"stepped"},{"time":0.2,"x":1,"y":1,"curve":"stepped"},{"time":0.2666,"x":1,"y":1,"curve":"stepped"},{"time":0.5,"x":1,"y":1}]},"Horn2":{"rotate":[{"time":0,"angle":0,"curve":"stepped"},{"time":0.2,"angle":0,"curve":"stepped"},{"time":0.2666,"angle":0,"curve":"stepped"},{"time":0.5,"angle":0}],"translate":[{"time":0,"x":0,"y":28.9},{"time":0.2,"x":-20.08,"y":-5.78},{"time":0.2666,"x":16.33,"y":-37.33},{"time":0.5,"x":0,"y":28.9}],"scale":[{"time":0,"x":1,"y":1,"curve":"stepped"},{"time":0.2,"x":1,"y":1,"curve":"stepped"},{"time":0.2666,"x":1,"y":1,"curve":"stepped"},{"time":0.5,"x":1,"y":1}]},"Horn3":{"rotate":[{"time":0,"angle":0,"curve":"stepped"},{"time":0.5,"angle":0}],"translate":[{"time":0,"x":0,"y":28.9},{"time":0.2,"x":0,"y":6.36,"curve":"stepped"},{"time":0.2666,"x":0,"y":6.36},{"time":0.5,"x":0,"y":28.9}],"scale":[{"time":0,"x":1,"y":1,"curve":"stepped"},{"time":0.5,"x":1,"y":1}]},"Mask":{"rotate":[{"time":0,"angle":0,"curve":"stepped"},{"time":0.2,"angle":0,"curve":"stepped"},{"time":0.2666,"angle":0,"curve":"stepped"},{"time":0.5,"angle":0}],"translate":[{"time":0,"x":0,"y":28.9},{"time":0.2,"x":0,"y":11.65},{"time":0.2666,"x":0,"y":-5.16},{"time":0.5,"x":0,"y":28.9}],"scale":[{"time":0,"x":1,"y":1,"curve":"stepped"},{"time":0.2,"x":1,"y":1,"curve":"stepped"},{"time":0.2666,"x":1,"y":1,"curve":"stepped"},{"time":0.5,"x":1,"y":1}]},"Mask2":{"rotate":[{"time":0,"angle":0,"curve":"stepped"},{"time":0.5,"angle":0}],"translate":[{"time":0,"x":0,"y":28.9},{"time":0.2,"x":0,"y":6.36,"curve":"stepped"},{"time":0.2666,"x":0,"y":6.36},{"time":0.5,"x":0,"y":28.9}],"scale":[{"time":0,"x":1,"y":1,"curve":"stepped"},{"time":0.5,"x":1,"y":1}]}},"drawOrder":[{"time":0.5}]},"FrontFight":{"slots":{"Eye2":{"attachment":[{"time":0,"name":null}]},"Horn4":{"attachment":[{"time":0,"name":null}]},"Mask1-2":{"attachment":[{"time":0,"name":null}]}},"bones":{"Body":{"rotate":[{"time":0,"angle":0,"curve":"stepped"},{"time":0.5,"angle":0,"curve":"stepped"},{"time":0.8333,"angle":0}],"translate":[{"time":0,"x":0,"y":28.9,"curve":"stepped"},{"time":0.5,"x":0,"y":28.9,"curve":"stepped"},{"time":0.8333,"x":0,"y":28.9}],"scale":[{"time":0,"x":1,"y":1,"curve":"stepped"},{"time":0.5,"x":1,"y":1,"curve":"stepped"},{"time":0.8333,"x":1,"y":1}]},"Eye2":{"rotate":[{"time":0,"angle":0,"curve":"stepped"},{"time":0.5,"angle":0,"curve":"stepped"},{"time":0.8333,"angle":0}],"translate":[{"time":0,"x":0,"y":28.9},{"time":0.2,"x":0,"y":6.36,"curve":"stepped"},{"time":0.2666,"x":0,"y":6.36},{"time":0.5,"x":0,"y":28.9,"curve":"stepped"},{"time":0.8333,"x":0,"y":28.9}],"scale":[{"time":0,"x":1,"y":1,"curve":"stepped"},{"time":0.5,"x":1,"y":1,"curve":"stepped"},{"time":0.8333,"x":1,"y":1}]},"Eyes":{"rotate":[{"time":0,"angle":0,"curve":"stepped"},{"time":0.2666,"angle":0,"curve":"stepped"},{"time":0.5,"angle":0,"curve":"stepped"},{"time":0.8333,"angle":0}],"translate":[{"time":0,"x":0,"y":28.9},{"time":0.2666,"x":0,"y":22.9},{"time":0.5,"x":0,"y":28.9,"curve":"stepped"},{"time":0.8333,"x":0,"y":28.9}],"scale":[{"time":0,"x":1,"y":1,"curve":"stepped"},{"time":0.2666,"x":1,"y":1,"curve":"stepped"},{"time":0.5,"x":1,"y":1,"curve":"stepped"},{"time":0.8333,"x":1,"y":1}]},"Gun":{"rotate":[{"time":0,"angle":0},{"time":0.1,"angle":-294.8},{"time":0.2,"angle":33.23},{"time":0.2666,"angle":-80.97},{"time":0.4,"angle":11.45},{"time":0.5,"angle":0},{"time":0.7333,"angle":9.93},{"time":0.8333,"angle":0}],"translate":[{"time":0,"x":34.04,"y":28.9},{"time":0.1,"x":42.55,"y":-1.65},{"time":0.2,"x":51.06,"y":-32.21},{"time":0.2666,"x":45.38,"y":6.36},{"time":0.4,"x":38.9,"y":19.24},{"time":0.5,"x":34.04,"y":28.9},{"time":0.7333,"x":34.04,"y":57.23},{"time":0.8333,"x":34.04,"y":28.9}],"scale":[{"time":0,"x":1,"y":1,"curve":"stepped"},{"time":0.1,"x":1,"y":1,"curve":"stepped"},{"time":0.2,"x":1,"y":1,"curve":"stepped"},{"time":0.2666,"x":1,"y":1,"curve":"stepped"},{"time":0.4,"x":1,"y":1,"curve":"stepped"},{"time":0.5,"x":1,"y":1,"curve":"stepped"},{"time":0.7333,"x":1,"y":1,"curve":"stepped"},{"time":0.8333,"x":1,"y":1}]},"Head":{"rotate":[{"time":0,"angle":0},{"time":0.2666,"angle":-6.51},{"time":0.5,"angle":0,"curve":"stepped"},{"time":0.8333,"angle":0}],"translate":[{"time":0,"x":0,"y":26.33},{"time":0.2666,"x":0,"y":19.6},{"time":0.5,"x":0,"y":28.9,"curve":"stepped"},{"time":0.8333,"x":0,"y":28.9}],"scale":[{"time":0,"x":1,"y":1,"curve":"stepped"},{"time":0.2666,"x":1,"y":1,"curve":"stepped"},{"time":0.5,"x":1,"y":1,"curve":"stepped"},{"time":0.8333,"x":1,"y":1}]},"Horn1":{"rotate":[{"time":0,"angle":0,"curve":"stepped"},{"time":0.2,"angle":0,"curve":"stepped"},{"time":0.2666,"angle":0,"curve":"stepped"},{"time":0.5,"angle":0,"curve":"stepped"},{"time":0.8333,"angle":0}],"translate":[{"time":0,"x":0,"y":28.9},{"time":0.2,"x":18.5,"y":15.93},{"time":0.2666,"x":19.73,"y":14.46},{"time":0.5,"x":0,"y":28.9,"curve":"stepped"},{"time":0.8333,"x":0,"y":28.9}],"scale":[{"time":0,"x":1,"y":1,"curve":"stepped"},{"time":0.2,"x":1,"y":1,"curve":"stepped"},{"time":0.2666,"x":1,"y":1,"curve":"stepped"},{"time":0.5,"x":1,"y":1,"curve":"stepped"},{"time":0.8333,"x":1,"y":1}]},"Horn2":{"rotate":[{"time":0,"angle":0,"curve":"stepped"},{"time":0.2,"angle":0},{"time":0.2666,"angle":-20.21},{"time":0.5,"angle":0,"curve":"stepped"},{"time":0.8333,"angle":0}],"translate":[{"time":0,"x":0,"y":28.9},{"time":0.2,"x":18.5,"y":15.93},{"time":0.2666,"x":19.73,"y":14.46},{"time":0.5,"x":0,"y":28.9,"curve":"stepped"},{"time":0.8333,"x":0,"y":28.9}],"scale":[{"time":0,"x":1,"y":1,"curve":"stepped"},{"time":0.2,"x":1,"y":1,"curve":"stepped"},{"time":0.2666,"x":1,"y":1,"curve":"stepped"},{"time":0.5,"x":1,"y":1,"curve":"stepped"},{"time":0.8333,"x":1,"y":1}]},"Horn3":{"rotate":[{"time":0,"angle":0,"curve":"stepped"},{"time":0.5,"angle":0,"curve":"stepped"},{"time":0.8333,"angle":0}],"translate":[{"time":0,"x":0,"y":28.9},{"time":0.2,"x":0,"y":6.36,"curve":"stepped"},{"time":0.2666,"x":0,"y":6.36},{"time":0.5,"x":0,"y":28.9,"curve":"stepped"},{"time":0.8333,"x":0,"y":28.9}],"scale":[{"time":0,"x":1,"y":1,"curve":"stepped"},{"time":0.5,"x":1,"y":1,"curve":"stepped"},{"time":0.8333,"x":1,"y":1}]},"Mask":{"rotate":[{"time":0,"angle":0,"curve":"stepped"},{"time":0.2666,"angle":0,"curve":"stepped"},{"time":0.5,"angle":0,"curve":"stepped"},{"time":0.8333,"angle":0}],"translate":[{"time":0,"x":0,"y":28.9},{"time":0.2666,"x":0,"y":22.9},{"time":0.5,"x":0,"y":28.9,"curve":"stepped"},{"time":0.8333,"x":0,"y":28.9}],"scale":[{"time":0,"x":1,"y":1,"curve":"stepped"},{"time":0.2666,"x":1,"y":1,"curve":"stepped"},{"time":0.5,"x":1,"y":1,"curve":"stepped"},{"time":0.8333,"x":1,"y":1}]},"Mask2":{"rotate":[{"time":0,"angle":0,"curve":"stepped"},{"time":0.5,"angle":0,"curve":"stepped"},{"time":0.8333,"angle":0}],"translate":[{"time":0,"x":0,"y":28.9},{"time":0.2,"x":0,"y":6.36,"curve":"stepped"},{"time":0.2666,"x":0,"y":6.36},{"time":0.5,"x":0,"y":28.9,"curve":"stepped"},{"time":0.8333,"x":0,"y":28.9}],"scale":[{"time":0,"x":1,"y":1,"curve":"stepped"},{"time":0.5,"x":1,"y":1,"curve":"stepped"},{"time":0.8333,"x":1,"y":1}]}},"drawOrder":[{"time":0.5}]},"Left":{"slots":{"Eye1":{"attachment":[{"time":0,"name":null}]},"Eyes":{"attachment":[{"time":0,"name":null}]},"Horn2":{"attachment":[{"time":0,"name":null}]},"Horn3":{"attachment":[{"time":0,"name":null}]},"Mask1":{"attachment":[{"time":0,"name":null}]}},"bones":{"Body":{"rotate":[{"time":0,"angle":0,"curve":"stepped"},{"time":0.5,"angle":0}],"translate":[{"time":0,"x":0,"y":28.9},{"time":0.2,"x":0,"y":6.36,"curve":"stepped"},{"time":0.2666,"x":0,"y":6.36,"curve":[0.534,0,1,0]},{"time":0.5,"x":0,"y":28.9}],"scale":[{"time":0,"x":1,"y":1,"curve":"stepped"},{"time":0.5,"x":1,"y":1}]},"Eye2":{"rotate":[{"time":0,"angle":0,"curve":"stepped"},{"time":0.2666,"angle":0,"curve":"stepped"},{"time":0.5,"angle":0}],"translate":[{"time":0,"x":-135.22,"y":42.3},{"time":0.2666,"x":-135.22,"y":5.15},{"time":0.5,"x":-135.22,"y":42.3}],"scale":[{"time":0,"x":-1,"y":-1,"curve":"stepped"},{"time":0.2666,"x":-1,"y":-1,"curve":"stepped"},{"time":0.5,"x":-1,"y":-1}]},"Eyes":{"rotate":[{"time":0,"angle":0,"curve":"stepped"},{"time":0.2,"angle":0,"curve":"stepped"},{"time":0.2666,"angle":0,"curve":"stepped"},{"time":0.5,"angle":0}],"translate":[{"time":0,"x":0,"y":28.9},{"time":0.2,"x":0,"y":-33.9,"curve":"stepped"},{"time":0.2666,"x":0,"y":-33.9},{"time":0.5,"x":0,"y":28.9}],"scale":[{"time":0,"x":1,"y":1,"curve":"stepped"},{"time":0.2,"x":1,"y":1,"curve":"stepped"},{"time":0.2666,"x":1,"y":1,"curve":"stepped"},{"time":0.5,"x":1,"y":1}]},"Gun":{"rotate":[{"time":0,"angle":43.01},{"time":0.2,"angle":57.19},{"time":0.2666,"angle":-296.72},{"time":0.5,"angle":43.01}],"translate":[{"time":0,"x":40.95,"y":28.9},{"time":0.2,"x":40.95,"y":6.01},{"time":0.2666,"x":40.95,"y":-6.86},{"time":0.5,"x":40.95,"y":28.9}],"scale":[{"time":0,"x":1,"y":1,"curve":"stepped"},{"time":0.2,"x":1,"y":1,"curve":"stepped"},{"time":0.2666,"x":1,"y":1,"curve":"stepped"},{"time":0.5,"x":1,"y":1}]},"Head":{"rotate":[{"time":0,"angle":0},{"time":0.4666,"angle":-0.54},{"time":0.5,"angle":0}],"translate":[{"time":0,"x":0,"y":28.9},{"time":0.2,"x":0,"y":-5.76},{"time":0.2666,"x":0,"y":-33.58},{"time":0.4666,"x":0,"y":12.03},{"time":0.5,"x":0,"y":28.9}],"scale":[{"time":0,"x":1,"y":1,"curve":"stepped"},{"time":0.2,"x":1,"y":1,"curve":"stepped"},{"time":0.2666,"x":1,"y":1,"curve":"stepped"},{"time":0.4666,"x":1,"y":1,"curve":"stepped"},{"time":0.5,"x":1,"y":1}]},"Horn1":{"rotate":[{"time":0,"angle":0,"curve":"stepped"},{"time":0.5,"angle":0}],"translate":[{"time":0,"x":0,"y":28.9},{"time":0.2,"x":0,"y":6.36,"curve":"stepped"},{"time":0.2666,"x":0,"y":6.36},{"time":0.5,"x":0,"y":28.9}],"scale":[{"time":0,"x":1,"y":1,"curve":"stepped"},{"time":0.5,"x":1,"y":1}]},"Horn2":{"rotate":[{"time":0,"angle":0,"curve":"stepped"},{"time":0.5,"angle":0}],"translate":[{"time":0,"x":0,"y":28.9},{"time":0.2,"x":0,"y":6.36,"curve":"stepped"},{"time":0.2666,"x":0,"y":6.36},{"time":0.5,"x":0,"y":28.9}],"scale":[{"time":0,"x":1,"y":1,"curve":"stepped"},{"time":0.5,"x":1,"y":1}]},"Horn3":{"rotate":[{"time":0,"angle":0,"curve":"stepped"},{"time":0.2,"angle":0,"curve":"stepped"},{"time":0.2666,"angle":0,"curve":"stepped"},{"time":0.5,"angle":0}],"translate":[{"time":0,"x":34.75,"y":28.9},{"time":0.2,"x":31.43,"y":-5.68},{"time":0.2666,"x":31.43,"y":-33.45},{"time":0.5,"x":34.75,"y":28.9}],"scale":[{"time":0,"x":1,"y":-1,"curve":"stepped"},{"time":0.2,"x":1,"y":-1,"curve":"stepped"},{"time":0.2666,"x":1,"y":-1,"curve":"stepped"},{"time":0.5,"x":1,"y":-1}]},"Mask":{"rotate":[{"time":0,"angle":0,"curve":"stepped"},{"time":0.2,"angle":0,"curve":"stepped"},{"time":0.2666,"angle":0,"curve":"stepped"},{"time":0.5,"angle":0}],"translate":[{"time":0,"x":0,"y":28.9},{"time":0.2,"x":0,"y":-33.9,"curve":"stepped"},{"time":0.2666,"x":0,"y":-33.9},{"time":0.5,"x":0,"y":28.9}],"scale":[{"time":0,"x":1,"y":1,"curve":"stepped"},{"time":0.2,"x":1,"y":1,"curve":"stepped"},{"time":0.2666,"x":1,"y":1,"curve":"stepped"},{"time":0.5,"x":1,"y":1}]},"Mask2":{"rotate":[{"time":0,"angle":0.9,"curve":"stepped"},{"time":0.5,"angle":0.9}],"translate":[{"time":0,"x":-122.9,"y":28.9},{"time":0.2666,"x":-122.9,"y":-8.69},{"time":0.5,"x":-122.9,"y":28.9}],"scale":[{"time":0,"x":1,"y":-1,"curve":"stepped"},{"time":0.2666,"x":1,"y":-1,"curve":"stepped"},{"time":0.5,"x":1,"y":-1}]}},"drawOrder":[{"time":0,"offsets":[{"slot":"Gun4","offset":-9}]},{"time":0.5}]},"LeftFight":{"slots":{"Eye1":{"attachment":[{"time":0,"name":null}]},"Eyes":{"attachment":[{"time":0,"name":null}]},"Horn2":{"attachment":[{"time":0,"name":null}]},"Horn3":{"attachment":[{"time":0,"name":null}]},"Mask1":{"attachment":[{"time":0,"name":null}]}},"bones":{"Body":{"rotate":[{"time":0,"angle":0,"curve":"stepped"},{"time":0.3666,"angle":0,"curve":"stepped"},{"time":0.5,"angle":0}],"translate":[{"time":0,"x":0,"y":28.9},{"time":0.3666,"x":-7.1,"y":27.45},{"time":0.5,"x":0,"y":26.92}],"scale":[{"time":0,"x":1,"y":1,"curve":"stepped"},{"time":0.3666,"x":1,"y":1,"curve":"stepped"},{"time":0.5,"x":1,"y":1}]},"Eye2":{"rotate":[{"time":0,"angle":0},{"time":0.3,"angle":0.9},{"time":0.5,"angle":0}],"translate":[{"time":0,"x":-135.43,"y":28.9},{"time":0.3,"x":-141.2,"y":18.42},{"time":0.5,"x":-135.43,"y":28.9}],"scale":[{"time":0,"x":1,"y":-1,"curve":"stepped"},{"time":0.3,"x":1,"y":-1,"curve":"stepped"},{"time":0.5,"x":1,"y":-1}]},"Eyes":{"rotate":[{"time":0,"angle":0,"curve":"stepped"},{"time":0.2,"angle":0,"curve":"stepped"},{"time":0.2666,"angle":0,"curve":"stepped"},{"time":0.3666,"angle":0,"curve":"stepped"},{"time":0.5,"angle":0}],"translate":[{"time":0,"x":0,"y":28.9},{"time":0.2,"x":0,"y":-33.9,"curve":"stepped"},{"time":0.2666,"x":0,"y":-33.9},{"time":0.3666,"x":-7.1,"y":-6.98},{"time":0.5,"x":0,"y":28.9}],"scale":[{"time":0,"x":1,"y":1,"curve":"stepped"},{"time":0.2,"x":1,"y":1,"curve":"stepped"},{"time":0.2666,"x":1,"y":1,"curve":"stepped"},{"time":0.3666,"x":1,"y":1,"curve":"stepped"},{"time":0.5,"x":1,"y":1}]},"Gun":{"rotate":[{"time":0,"angle":43.01},{"time":0.0666,"angle":-72.47},{"time":0.2,"angle":57.19},{"time":0.2666,"angle":-296.72},{"time":0.3666,"angle":-1.45},{"time":0.4333,"angle":-44.59},{"time":0.5,"angle":43.01}],"translate":[{"time":0,"x":40.95,"y":28.9},{"time":0.0666,"x":40.95,"y":21.27},{"time":0.2,"x":40.95,"y":6.01},{"time":0.2666,"x":40.95,"y":-6.86},{"time":0.3666,"x":33.84,"y":8.46},{"time":0.5,"x":40.95,"y":28.9}],"scale":[{"time":0,"x":1,"y":1,"curve":"stepped"},{"time":0.0666,"x":1,"y":1,"curve":"stepped"},{"time":0.2,"x":1,"y":1,"curve":"stepped"},{"time":0.2666,"x":1,"y":1,"curve":"stepped"},{"time":0.3666,"x":1,"y":1,"curve":"stepped"},{"time":0.5,"x":1,"y":1}]},"Head":{"rotate":[{"time":0,"angle":0,"curve":"stepped"},{"time":0.2333,"angle":0,"curve":"stepped"},{"time":0.3666,"angle":0,"curve":"stepped"},{"time":0.4,"angle":0,"curve":"stepped"},{"time":0.4333,"angle":0,"curve":"stepped"},{"time":0.5,"angle":0}],"translate":[{"time":0,"x":0,"y":28.9},{"time":0.2333,"x":-4.52,"y":19.46},{"time":0.3666,"x":-7.1,"y":22.54},{"time":0.4,"x":-5.39,"y":21.97},{"time":0.4333,"x":-5.39,"y":24.28},{"time":0.5,"x":0,"y":28.9}],"scale":[{"time":0,"x":1,"y":1,"curve":"stepped"},{"time":0.3666,"x":1,"y":1,"curve":"stepped"},{"time":0.4,"x":1,"y":1,"curve":"stepped"},{"time":0.4333,"x":1,"y":1,"curve":"stepped"},{"time":0.5,"x":1,"y":1}]},"Horn1":{"rotate":[{"time":0,"angle":0,"curve":"stepped"},{"time":0.3666,"angle":0,"curve":"stepped"},{"time":0.5,"angle":0}],"translate":[{"time":0,"x":0,"y":28.9},{"time":0.2,"x":0,"y":6.36,"curve":"stepped"},{"time":0.2666,"x":0,"y":6.36},{"time":0.3666,"x":-7.1,"y":16.02},{"time":0.5,"x":0,"y":28.9}],"scale":[{"time":0,"x":1,"y":1,"curve":"stepped"},{"time":0.3666,"x":1,"y":1,"curve":"stepped"},{"time":0.5,"x":1,"y":1}]},"Horn2":{"rotate":[{"time":0,"angle":0,"curve":"stepped"},{"time":0.3666,"angle":0,"curve":"stepped"},{"time":0.5,"angle":0}],"translate":[{"time":0,"x":0,"y":28.9},{"time":0.2,"x":0,"y":6.36,"curve":"stepped"},{"time":0.2666,"x":0,"y":6.36},{"time":0.3666,"x":-7.1,"y":16.02},{"time":0.5,"x":0,"y":28.9}],"scale":[{"time":0,"x":1,"y":1,"curve":"stepped"},{"time":0.3666,"x":1,"y":1,"curve":"stepped"},{"time":0.5,"x":1,"y":1}]},"Horn3":{"rotate":[{"time":0,"angle":0,"curve":"stepped"},{"time":0.2666,"angle":0,"curve":"stepped"},{"time":0.5,"angle":0}],"translate":[{"time":0,"x":-10.79,"y":28.9},{"time":0.2666,"x":-10.79,"y":13.48},{"time":0.5,"x":-10.79,"y":28.9}],"scale":[{"time":0,"x":1,"y":-1,"curve":"stepped"},{"time":0.2666,"x":1,"y":-1,"curve":"stepped"},{"time":0.5,"x":1,"y":-1}]},"Mask":{"rotate":[{"time":0,"angle":0,"curve":"stepped"},{"time":0.2,"angle":0,"curve":"stepped"},{"time":0.2666,"angle":0,"curve":"stepped"},{"time":0.3666,"angle":0,"curve":"stepped"},{"time":0.5,"angle":0}],"translate":[{"time":0,"x":0,"y":28.9},{"time":0.2,"x":0,"y":-33.9,"curve":"stepped"},{"time":0.2666,"x":0,"y":-33.9},{"time":0.3666,"x":-7.1,"y":-6.98},{"time":0.5,"x":0,"y":28.9}],"scale":[{"time":0,"x":1,"y":1,"curve":"stepped"},{"time":0.2,"x":1,"y":1,"curve":"stepped"},{"time":0.2666,"x":1,"y":1,"curve":"stepped"},{"time":0.3666,"x":1,"y":1,"curve":"stepped"},{"time":0.5,"x":1,"y":1}]},"Mask2":{"rotate":[{"time":0,"angle":0.9,"curve":"stepped"},{"time":0.3,"angle":0.9,"curve":"stepped"},{"time":0.5,"angle":0.9}],"translate":[{"time":0,"x":-123.51,"y":28.9},{"time":0.3,"x":-127.37,"y":22.48},{"time":0.5,"x":-123.51,"y":28.9}],"scale":[{"time":0,"x":1,"y":-1,"curve":"stepped"},{"time":0.3,"x":1,"y":-1,"curve":"stepped"},{"time":0.5,"x":1,"y":-1}]}},"drawOrder":[{"time":0},{"time":0.5}]},"Right":{"slots":{"Eye1":{"attachment":[{"time":0,"name":null}]},"Eyes":{"attachment":[{"time":0,"name":null}]},"Horn2":{"attachment":[{"time":0,"name":null}]},"Horn3":{"attachment":[{"time":0,"name":null}]},"Mask1":{"attachment":[{"time":0,"name":null}]}},"bones":{"Body":{"rotate":[{"time":0,"angle":0,"curve":"stepped"},{"time":0.5,"angle":0}],"translate":[{"time":0,"x":0,"y":28.9},{"time":0.2,"x":0,"y":6.36,"curve":"stepped"},{"time":0.2666,"x":0,"y":6.36,"curve":[0.534,0,1,0]},{"time":0.5,"x":0,"y":28.9}],"scale":[{"time":0,"x":1,"y":1,"curve":"stepped"},{"time":0.5,"x":1,"y":1}]},"Eye2":{"rotate":[{"time":0,"angle":0,"curve":"stepped"},{"time":0.3333,"angle":0,"curve":"stepped"},{"time":0.5,"angle":0}],"translate":[{"time":0,"x":-0.52,"y":28.9},{"time":0.3333,"x":-2.94,"y":1.12},{"time":0.5,"x":-0.52,"y":28.9}],"scale":[{"time":0,"x":1,"y":1,"curve":"stepped"},{"time":0.3333,"x":1,"y":1,"curve":"stepped"},{"time":0.5,"x":1,"y":1}]},"Eyes":{"rotate":[{"time":0,"angle":0,"curve":"stepped"},{"time":0.2,"angle":0,"curve":"stepped"},{"time":0.2666,"angle":0,"curve":"stepped"},{"time":0.5,"angle":0}],"translate":[{"time":0,"x":0,"y":28.9},{"time":0.2,"x":0,"y":-33.9,"curve":"stepped"},{"time":0.2666,"x":0,"y":-33.9},{"time":0.5,"x":0,"y":28.9}],"scale":[{"time":0,"x":1,"y":1,"curve":"stepped"},{"time":0.2,"x":1,"y":1,"curve":"stepped"},{"time":0.2666,"x":1,"y":1,"curve":"stepped"},{"time":0.5,"x":1,"y":1}]},"Gun":{"rotate":[{"time":0,"angle":-92.3,"curve":"stepped"},{"time":0.2,"angle":-92.3},{"time":0.2666,"angle":-112.47},{"time":0.5,"angle":-92.3}],"translate":[{"time":0,"x":40.95,"y":28.9},{"time":0.2,"x":40.95,"y":4.71},{"time":0.2666,"x":40.95,"y":-9.77},{"time":0.5,"x":40.95,"y":28.9}],"scale":[{"time":0,"x":1,"y":1,"curve":"stepped"},{"time":0.2,"x":1,"y":1,"curve":"stepped"},{"time":0.2666,"x":1,"y":1,"curve":"stepped"},{"time":0.5,"x":1,"y":1}]},"Head":{"rotate":[{"time":0,"angle":0},{"time":0.4666,"angle":-0.54},{"time":0.5,"angle":0}],"translate":[{"time":0,"x":0,"y":28.9},{"time":0.2,"x":0,"y":-5.76},{"time":0.2666,"x":0,"y":-33.58},{"time":0.4666,"x":0,"y":12.03},{"time":0.5,"x":0,"y":28.9}],"scale":[{"time":0,"x":1,"y":1,"curve":"stepped"},{"time":0.2,"x":1,"y":1,"curve":"stepped"},{"time":0.2666,"x":1,"y":1,"curve":"stepped"},{"time":0.4666,"x":1,"y":1,"curve":"stepped"},{"time":0.5,"x":1,"y":1}]},"Horn1":{"rotate":[{"time":0,"angle":0,"curve":"stepped"},{"time":0.5,"angle":0}],"translate":[{"time":0,"x":0,"y":28.9},{"time":0.2,"x":0,"y":6.36,"curve":"stepped"},{"time":0.2666,"x":0,"y":6.36},{"time":0.5,"x":0,"y":28.9}],"scale":[{"time":0,"x":1,"y":1,"curve":"stepped"},{"time":0.5,"x":1,"y":1}]},"Horn2":{"rotate":[{"time":0,"angle":0,"curve":"stepped"},{"time":0.5,"angle":0}],"translate":[{"time":0,"x":0,"y":28.9},{"time":0.2,"x":0,"y":6.36,"curve":"stepped"},{"time":0.2666,"x":0,"y":6.36},{"time":0.5,"x":0,"y":28.9}],"scale":[{"time":0,"x":1,"y":1,"curve":"stepped"},{"time":0.5,"x":1,"y":1}]},"Horn3":{"rotate":[{"time":0,"angle":0,"curve":"stepped"},{"time":0.2,"angle":0,"curve":"stepped"},{"time":0.2666,"angle":0,"curve":"stepped"},{"time":0.4666,"angle":0,"curve":"stepped"},{"time":0.5,"angle":0}],"translate":[{"time":0,"x":0,"y":28.9},{"time":0.2,"x":0,"y":-3.65},{"time":0.2666,"x":0,"y":-35.26},{"time":0.4666,"x":0,"y":9.71},{"time":0.5,"x":0,"y":28.9}],"scale":[{"time":0,"x":1,"y":1,"curve":"stepped"},{"time":0.2,"x":1,"y":1,"curve":"stepped"},{"time":0.2666,"x":1,"y":1,"curve":"stepped"},{"time":0.4666,"x":1,"y":1,"curve":"stepped"},{"time":0.5,"x":1,"y":1}]},"Mask":{"rotate":[{"time":0,"angle":0,"curve":"stepped"},{"time":0.2,"angle":0,"curve":"stepped"},{"time":0.2666,"angle":0,"curve":"stepped"},{"time":0.5,"angle":0}],"translate":[{"time":0,"x":0,"y":28.9},{"time":0.2,"x":0,"y":-33.9,"curve":"stepped"},{"time":0.2666,"x":0,"y":-33.9},{"time":0.5,"x":0,"y":28.9}],"scale":[{"time":0,"x":1,"y":1,"curve":"stepped"},{"time":0.2,"x":1,"y":1,"curve":"stepped"},{"time":0.2666,"x":1,"y":1,"curve":"stepped"},{"time":0.5,"x":1,"y":1}]},"Mask2":{"rotate":[{"time":0,"angle":0,"curve":"stepped"},{"time":0.3333,"angle":0,"curve":"stepped"},{"time":0.5,"angle":0}],"translate":[{"time":0,"x":0,"y":28.9},{"time":0.3333,"x":-2.41,"y":1.12},{"time":0.5,"x":0,"y":28.9}],"scale":[{"time":0,"x":1,"y":1,"curve":"stepped"},{"time":0.3333,"x":1,"y":1,"curve":"stepped"},{"time":0.5,"x":1,"y":1}]}},"drawOrder":[{"time":0},{"time":0.5}]},"RightFight":{"slots":{"Eye1":{"attachment":[{"time":0,"name":null}]},"Eyes":{"attachment":[{"time":0,"name":null}]},"Horn2":{"attachment":[{"time":0,"name":null}]},"Horn3":{"attachment":[{"time":0,"name":null}]},"Mask1":{"attachment":[{"time":0,"name":null}]}},"bones":{"Body":{"rotate":[{"time":0,"angle":0,"curve":"stepped"},{"time":0.5,"angle":0}],"translate":[{"time":0,"x":0,"y":28.9},{"time":0.2,"x":2.68,"y":28.9},{"time":0.5,"x":0,"y":28.9}],"scale":[{"time":0,"x":1,"y":1,"curve":"stepped"},{"time":0.5,"x":1,"y":1}]},"Eye2":{"rotate":[{"time":0,"angle":0,"curve":"stepped"},{"time":0.3333,"angle":0,"curve":"stepped"},{"time":0.5,"angle":0}],"translate":[{"time":0,"x":-1.08,"y":28.1},{"time":0.3333,"x":2.95,"y":33.2},{"time":0.5,"x":-1.08,"y":28.1}],"scale":[{"time":0,"x":1,"y":1,"curve":"stepped"},{"time":0.3333,"x":1,"y":1,"curve":"stepped"},{"time":0.5,"x":1,"y":1}]},"Eyes":{"rotate":[{"time":0,"angle":0,"curve":"stepped"},{"time":0.2,"angle":0,"curve":"stepped"},{"time":0.2666,"angle":0,"curve":"stepped"},{"time":0.5,"angle":0}],"translate":[{"time":0,"x":0,"y":28.9},{"time":0.2,"x":2.68,"y":-33.9},{"time":0.2666,"x":0,"y":-33.9},{"time":0.5,"x":0,"y":28.9}],"scale":[{"time":0,"x":1,"y":1,"curve":"stepped"},{"time":0.2,"x":1,"y":1,"curve":"stepped"},{"time":0.2666,"x":1,"y":1,"curve":"stepped"},{"time":0.5,"x":1,"y":1}]},"Gun":{"rotate":[{"time":0,"angle":-92.3},{"time":0.1333,"angle":12.88},{"time":0.2,"angle":-92.3},{"time":0.2666,"angle":-112.47},{"time":0.3666,"angle":8.9},{"time":0.4333,"angle":-3.44},{"time":0.5,"angle":-92.3}],"translate":[{"time":0,"x":40.95,"y":28.9},{"time":0.1333,"x":40.95,"y":12.78},{"time":0.2,"x":43.63,"y":4.71},{"time":0.2666,"x":40.95,"y":-9.77},{"time":0.5,"x":40.95,"y":28.9}],"scale":[{"time":0,"x":1,"y":1,"curve":"stepped"},{"time":0.1333,"x":1,"y":1,"curve":"stepped"},{"time":0.2,"x":1,"y":1,"curve":"stepped"},{"time":0.2666,"x":1,"y":1,"curve":"stepped"},{"time":0.5,"x":1,"y":1}]},"Head":{"rotate":[{"time":0,"angle":0},{"time":0.2666,"angle":3.73},{"time":0.4333,"angle":-6.34},{"time":0.5,"angle":0}],"translate":[{"time":0,"x":0,"y":28.9},{"time":0.2,"x":2.68,"y":25},{"time":0.2666,"x":3.22,"y":23.7},{"time":0.5,"x":0,"y":28.9}],"scale":[{"time":0,"x":1,"y":1,"curve":"stepped"},{"time":0.2666,"x":1,"y":1,"curve":"stepped"},{"time":0.5,"x":1,"y":1}]},"Horn1":{"rotate":[{"time":0,"angle":0,"curve":"stepped"},{"time":0.5,"angle":0}],"translate":[{"time":0,"x":0,"y":28.9},{"time":0.2,"x":2.68,"y":6.36},{"time":0.2666,"x":0,"y":6.36},{"time":0.5,"x":0,"y":28.9}],"scale":[{"time":0,"x":1,"y":1,"curve":"stepped"},{"time":0.5,"x":1,"y":1}]},"Horn2":{"rotate":[{"time":0,"angle":0,"curve":"stepped"},{"time":0.5,"angle":0}],"translate":[{"time":0,"x":0,"y":28.9},{"time":0.2,"x":2.68,"y":6.36},{"time":0.2666,"x":0,"y":6.36},{"time":0.5,"x":0,"y":28.9}],"scale":[{"time":0,"x":1,"y":1,"curve":"stepped"},{"time":0.5,"x":1,"y":1}]},"Horn3":{"rotate":[{"time":0,"angle":0,"curve":"stepped"},{"time":0.2,"angle":0,"curve":"stepped"},{"time":0.2666,"angle":0,"curve":"stepped"},{"time":0.5,"angle":0}],"translate":[{"time":0,"x":0,"y":28.9},{"time":0.2,"x":-16.02,"y":21.68},{"time":0.2666,"x":-20.77,"y":18.45},{"time":0.4333,"x":21.07,"y":25.92},{"time":0.5,"x":0,"y":28.9}],"scale":[{"time":0,"x":1,"y":1,"curve":"stepped"},{"time":0.2,"x":1,"y":1,"curve":"stepped"},{"time":0.2666,"x":1,"y":1,"curve":"stepped"},{"time":0.5,"x":1,"y":1}]},"Mask":{"rotate":[{"time":0,"angle":0,"curve":"stepped"},{"time":0.2,"angle":0,"curve":"stepped"},{"time":0.2666,"angle":0,"curve":"stepped"},{"time":0.5,"angle":0}],"translate":[{"time":0,"x":0,"y":28.9},{"time":0.2,"x":2.68,"y":-33.9},{"time":0.2666,"x":0,"y":-33.9},{"time":0.5,"x":0,"y":28.9}],"scale":[{"time":0,"x":1,"y":1,"curve":"stepped"},{"time":0.2,"x":1,"y":1,"curve":"stepped"},{"time":0.2666,"x":1,"y":1,"curve":"stepped"},{"time":0.5,"x":1,"y":1}]},"Mask2":{"rotate":[{"time":0,"angle":0,"curve":"stepped"},{"time":0.3333,"angle":0,"curve":"stepped"},{"time":0.5,"angle":0}],"translate":[{"time":0,"x":0,"y":28.9},{"time":0.3333,"x":4.03,"y":34},{"time":0.5,"x":0,"y":28.9}],"scale":[{"time":0,"x":1,"y":1,"curve":"stepped"},{"time":0.3333,"x":1,"y":1,"curve":"stepped"},{"time":0.5,"x":1,"y":1}]}},"drawOrder":[{"time":0},{"time":0.5}]}}}