{"skeleton":{"hash":"lSNw8UgY68OeDVq7bLhaoAx+9/I","spine":"2.1.07","width":284.69,"height":324.07,"images":""},"bones":[{"name":"root"},{"name":"Body","parent":"root","length":155.85,"x":-0.7,"y":-137,"rotation":89.54},{"name":"Eye2","parent":"root","length":17.39,"x":66.81,"y":7.24,"rotation":89.09},{"name":"Eyes","parent":"root","length":21.14,"x":-21.98,"y":68.5,"rotation":90},{"name":"Gun","parent":"root","length":55.54,"x":-41.62,"y":-71.18,"rotation":118.7},{"name":"Head","parent":"root","length":79.11,"x":0.32,"y":19.21,"rotation":90},{"name":"Horn1","parent":"root","length":25.68,"x":-41.67,"y":79.23,"rotation":121.22},{"name":"Horn2","parent":"root","length":20.44,"x":44.95,"y":81.98,"rotation":57.79},{"name":"Horn3","parent":"root","length":21.55,"x":4.57,"y":81.19,"rotation":90},{"name":"Mask","parent":"root","length":19.77,"x":28.28,"y":4.51,"rotation":90},{"name":"Mask2","parent":"root","length":19.43,"x":58.37,"y":68.91,"rotation":89.09}],"slots":[{"name":"body5-1","bone":"Body","attachment":"body5-1"},{"name":"Head6-1","bone":"Head","attachment":"Head6-1"},{"name":"Eye2","bone":"Eyes","attachment":"Eye2"},{"name":"Eyes","bone":"Eyes","attachment":"Eye2"},{"name":"Body","bone":"Body","attachment":"body5-2"},{"name":"Head","bone":"Head","attachment":"Head6-2"},{"name":"Eye3","bone":"Mask2","attachment":"Eye2"},{"name":"Body2","bone":"Body","attachment":"body5-3"},{"name":"Head2","bone":"Head","attachment":"Head6-3"},{"name":"Gun5","bone":"Gun","attachment":"Gun5"}],"skins":{"default":{"Body":{"body5-2":{"x":92.59,"y":0.72,"rotation":-89.54,"width":142,"height":195}},"Body2":{"body5-3":{"x":95.5,"y":0.75,"rotation":-89.54,"width":142,"height":198}},"Eye2":{"Eye2":{"y":-41.34,"rotation":-90,"width":23,"height":22}},"Eye3":{"Eye2":{"rotation":-89.09,"width":23,"height":22}},"Eyes":{"Eye2":{"rotation":-90,"width":23,"height":22}},"Gun5":{"Gun5":{"x":88.85,"y":8.38,"rotation":-89.61,"width":256,"height":300}},"Head":{"Head6-2":{"x":43.62,"rotation":-90,"width":141,"height":123}},"Head2":{"Head6-3":{"x":57.98,"rotation":-90,"width":141,"height":96}},"Head6-1":{"Head6-1":{"x":36.51,"rotation":-90,"width":141,"height":137}},"body5-1":{"body5-1":{"x":94.17,"y":0.74,"rotation":-89.54,"width":142,"height":197}}}},"animations":{"Back":{"slots":{"Body":{"attachment":[{"time":0,"name":null}]},"Eye3":{"attachment":[{"time":0,"name":null}]},"Head":{"attachment":[{"time":0,"name":null}]},"Head6-1":{"attachment":[{"time":0,"name":null}]},"body5-1":{"attachment":[{"time":0,"name":null}]}},"bones":{"Body":{"rotate":[{"time":0,"angle":0,"curve":"stepped"},{"time":0.5,"angle":0}],"translate":[{"time":0,"x":0,"y":28.9},{"time":0.2,"x":0,"y":6.36,"curve":"stepped"},{"time":0.2666,"x":0,"y":6.36,"curve":[0.534,0,1,0]},{"time":0.5,"x":0,"y":28.9}],"scale":[{"time":0,"x":1,"y":1,"curve":"stepped"},{"time":0.5,"x":1,"y":1}]},"Eye2":{"rotate":[{"time":0,"angle":0,"curve":"stepped"},{"time":0.5,"angle":0}],"translate":[{"time":0,"x":0,"y":28.9},{"time":0.2,"x":0,"y":6.36,"curve":"stepped"},{"time":0.2666,"x":0,"y":6.36},{"time":0.5,"x":0,"y":28.9}],"scale":[{"time":0,"x":1,"y":1,"curve":"stepped"},{"time":0.5,"x":1,"y":1}]},"Eyes":{"rotate":[{"time":0,"angle":0,"curve":"stepped"},{"time":0.2,"angle":0,"curve":"stepped"},{"time":0.2666,"angle":0,"curve":"stepped"},{"time":0.5,"angle":0}],"translate":[{"time":0,"x":0,"y":28.9},{"time":0.2,"x":0,"y":-33.9,"curve":"stepped"},{"time":0.2666,"x":0,"y":-33.9},{"time":0.5,"x":0,"y":28.9}],"scale":[{"time":0,"x":1,"y":1,"curve":"stepped"},{"time":0.2,"x":1,"y":1,"curve":"stepped"},{"time":0.2666,"x":1,"y":1,"curve":"stepped"},{"time":0.5,"x":1,"y":1}]},"Gun":{"rotate":[{"time":0,"angle":-69.86},{"time":0.2,"angle":-85.75},{"time":0.5,"angle":-69.86}],"translate":[{"time":0,"x":62.97,"y":28.9},{"time":0.2,"x":51.06,"y":-32.21},{"time":0.2666,"x":41.97,"y":22.76},{"time":0.5,"x":62.97,"y":28.9}],"scale":[{"time":0,"x":1,"y":1,"curve":"stepped"},{"time":0.2,"x":1,"y":1,"curve":"stepped"},{"time":0.5,"x":1,"y":1}]},"Head":{"rotate":[{"time":0,"angle":0},{"time":0.2,"angle":3.89},{"time":0.2666,"angle":-3.78},{"time":0.4666,"angle":-0.54},{"time":0.5,"angle":0}],"translate":[{"time":0,"x":0,"y":28.9},{"time":0.2,"x":0,"y":-5.76},{"time":0.2666,"x":-3.41,"y":-17.19},{"time":0.4666,"x":0,"y":12.03},{"time":0.5,"x":0,"y":28.9}],"scale":[{"time":0,"x":1,"y":1,"curve":"stepped"},{"time":0.2,"x":1,"y":1,"curve":"stepped"},{"time":0.2666,"x":1,"y":1,"curve":"stepped"},{"time":0.4666,"x":1,"y":1,"curve":"stepped"},{"time":0.5,"x":1,"y":1}]},"Horn1":{"rotate":[{"time":0,"angle":0,"curve":"stepped"},{"time":0.5,"angle":0}],"translate":[{"time":0,"x":0,"y":28.9},{"time":0.2,"x":0,"y":6.36,"curve":"stepped"},{"time":0.2666,"x":0,"y":6.36},{"time":0.5,"x":0,"y":28.9}],"scale":[{"time":0,"x":1,"y":1,"curve":"stepped"},{"time":0.5,"x":1,"y":1}]},"Horn2":{"rotate":[{"time":0,"angle":0,"curve":"stepped"},{"time":0.5,"angle":0}],"translate":[{"time":0,"x":0,"y":28.9},{"time":0.2,"x":0,"y":6.36,"curve":"stepped"},{"time":0.2666,"x":0,"y":6.36},{"time":0.5,"x":0,"y":28.9}],"scale":[{"time":0,"x":1,"y":1,"curve":"stepped"},{"time":0.5,"x":1,"y":1}]},"Horn3":{"rotate":[{"time":0,"angle":0,"curve":"stepped"},{"time":0.5,"angle":0}],"translate":[{"time":0,"x":0,"y":28.9},{"time":0.2,"x":0,"y":6.36,"curve":"stepped"},{"time":0.2666,"x":0,"y":6.36},{"time":0.5,"x":0,"y":28.9}],"scale":[{"time":0,"x":1,"y":1,"curve":"stepped"},{"time":0.5,"x":1,"y":1}]},"Mask":{"rotate":[{"time":0,"angle":0,"curve":"stepped"},{"time":0.2,"angle":0,"curve":"stepped"},{"time":0.2666,"angle":0,"curve":"stepped"},{"time":0.5,"angle":0}],"translate":[{"time":0,"x":0,"y":28.9},{"time":0.2,"x":0,"y":-33.9,"curve":"stepped"},{"time":0.2666,"x":0,"y":-33.9},{"time":0.5,"x":0,"y":28.9}],"scale":[{"time":0,"x":1,"y":1,"curve":"stepped"},{"time":0.2,"x":1,"y":1,"curve":"stepped"},{"time":0.2666,"x":1,"y":1,"curve":"stepped"},{"time":0.5,"x":1,"y":1}]},"Mask2":{"rotate":[{"time":0,"angle":0,"curve":"stepped"},{"time":0.5,"angle":0}],"translate":[{"time":0,"x":0,"y":28.9},{"time":0.2,"x":0,"y":6.36},{"time":0.2666,"x":-3.41,"y":22.76},{"time":0.5,"x":0,"y":28.9}],"scale":[{"time":0,"x":1,"y":1,"curve":"stepped"},{"time":0.5,"x":1,"y":1}]}},"drawOrder":[{"time":0,"offsets":[{"slot":"Gun5","offset":-2}]},{"time":0.5,"offsets":[{"slot":"Gun5","offset":-2}]}]},"BackFight":{"slots":{"Body":{"attachment":[{"time":0,"name":null}]},"Head":{"attachment":[{"time":0,"name":null}]},"Head6-1":{"attachment":[{"time":0,"name":null}]},"body5-1":{"attachment":[{"time":0,"name":null}]}},"bones":{"Body":{"rotate":[{"time":0,"angle":0,"curve":"stepped"},{"time":0.5,"angle":0}],"translate":[{"time":0,"x":0,"y":28.9,"curve":"stepped"},{"time":0.5,"x":0,"y":28.9}],"scale":[{"time":0,"x":1,"y":1,"curve":"stepped"},{"time":0.5,"x":1,"y":1}]},"Eye2":{"rotate":[{"time":0,"angle":0,"curve":"stepped"},{"time":0.5,"angle":0}],"translate":[{"time":0,"x":0,"y":28.9},{"time":0.2,"x":0,"y":6.36,"curve":"stepped"},{"time":0.2666,"x":0,"y":6.36},{"time":0.5,"x":0,"y":28.9}],"scale":[{"time":0,"x":1,"y":1,"curve":"stepped"},{"time":0.5,"x":1,"y":1}]},"Eyes":{"rotate":[{"time":0,"angle":0,"curve":"stepped"},{"time":0.2,"angle":0,"curve":"stepped"},{"time":0.2666,"angle":0,"curve":"stepped"},{"time":0.5,"angle":0}],"translate":[{"time":0,"x":0,"y":28.9},{"time":0.2,"x":0,"y":-33.9,"curve":"stepped"},{"time":0.2666,"x":0,"y":-33.9},{"time":0.5,"x":0,"y":28.9}],"scale":[{"time":0,"x":1,"y":1,"curve":"stepped"},{"time":0.2,"x":1,"y":1,"curve":"stepped"},{"time":0.2666,"x":1,"y":1,"curve":"stepped"},{"time":0.5,"x":1,"y":1}]},"Gun":{"rotate":[{"time":0,"angle":-69.86},{"time":0.2,"angle":-50.62},{"time":0.2666,"angle":-54.9},{"time":0.5,"angle":-69.86}],"translate":[{"time":0,"x":62.97,"y":28.9},{"time":0.2,"x":77.5,"y":58.45},{"time":0.2666,"x":77.48,"y":45.98},{"time":0.5,"x":62.97,"y":28.9}],"scale":[{"time":0,"x":1,"y":1,"curve":"stepped"},{"time":0.2,"x":1,"y":1,"curve":"stepped"},{"time":0.2666,"x":1,"y":1,"curve":"stepped"},{"time":0.5,"x":1,"y":1}]},"Head":{"rotate":[{"time":0,"angle":0},{"time":0.2666,"angle":-0.54},{"time":0.5,"angle":0}],"translate":[{"time":0,"x":0,"y":28.9},{"time":0.2666,"x":0,"y":12.03},{"time":0.5,"x":0,"y":28.9}],"scale":[{"time":0,"x":1,"y":1,"curve":"stepped"},{"time":0.2666,"x":1,"y":1,"curve":"stepped"},{"time":0.5,"x":1,"y":1}]},"Horn1":{"rotate":[{"time":0,"angle":0,"curve":"stepped"},{"time":0.5,"angle":0}],"translate":[{"time":0,"x":0,"y":28.9},{"time":0.2,"x":0,"y":6.36,"curve":"stepped"},{"time":0.2666,"x":0,"y":6.36},{"time":0.5,"x":0,"y":28.9}],"scale":[{"time":0,"x":1,"y":1,"curve":"stepped"},{"time":0.5,"x":1,"y":1}]},"Horn2":{"rotate":[{"time":0,"angle":0,"curve":"stepped"},{"time":0.5,"angle":0}],"translate":[{"time":0,"x":0,"y":28.9},{"time":0.2,"x":0,"y":6.36,"curve":"stepped"},{"time":0.2666,"x":0,"y":6.36},{"time":0.5,"x":0,"y":28.9}],"scale":[{"time":0,"x":1,"y":1,"curve":"stepped"},{"time":0.5,"x":1,"y":1}]},"Horn3":{"rotate":[{"time":0,"angle":0,"curve":"stepped"},{"time":0.5,"angle":0}],"translate":[{"time":0,"x":0,"y":28.9},{"time":0.2,"x":0,"y":6.36,"curve":"stepped"},{"time":0.2666,"x":0,"y":6.36},{"time":0.5,"x":0,"y":28.9}],"scale":[{"time":0,"x":1,"y":1,"curve":"stepped"},{"time":0.5,"x":1,"y":1}]},"Mask":{"rotate":[{"time":0,"angle":0,"curve":"stepped"},{"time":0.2,"angle":0,"curve":"stepped"},{"time":0.2666,"angle":0,"curve":"stepped"},{"time":0.5,"angle":0}],"translate":[{"time":0,"x":0,"y":28.9},{"time":0.2,"x":0,"y":-33.9,"curve":"stepped"},{"time":0.2666,"x":0,"y":-33.9},{"time":0.5,"x":0,"y":28.9}],"scale":[{"time":0,"x":1,"y":1,"curve":"stepped"},{"time":0.2,"x":1,"y":1,"curve":"stepped"},{"time":0.2666,"x":1,"y":1,"curve":"stepped"},{"time":0.5,"x":1,"y":1}]},"Mask2":{"rotate":[{"time":0,"angle":0,"curve":"stepped"},{"time":0.5,"angle":0}],"translate":[{"time":0,"x":0,"y":28.9},{"time":0.2,"x":0,"y":6.36,"curve":"stepped"},{"time":0.2666,"x":0,"y":6.36},{"time":0.5,"x":0,"y":28.9}],"scale":[{"time":0,"x":1,"y":1,"curve":"stepped"},{"time":0.5,"x":1,"y":1}]}},"drawOrder":[{"time":0,"offsets":[{"slot":"Gun5","offset":-2}]},{"time":0.5,"offsets":[{"slot":"Gun5","offset":-2}]}]},"Front":{"slots":{"Body":{"attachment":[{"time":0,"name":null},{"time":0.5,"name":null}]},"Body2":{"attachment":[{"time":0,"name":null},{"time":0.5,"name":null}]},"Eye3":{"attachment":[{"time":0,"name":null}]},"Head":{"attachment":[{"time":0,"name":null},{"time":0.5,"name":null}]},"Head2":{"attachment":[{"time":0,"name":null},{"time":0.5,"name":null}]}},"bones":{"Body":{"rotate":[{"time":0,"angle":0,"curve":"stepped"},{"time":0.5,"angle":0}],"translate":[{"time":0,"x":0,"y":28.9},{"time":0.2,"x":0,"y":6.36,"curve":"stepped"},{"time":0.2666,"x":0,"y":6.36,"curve":[0.534,0,1,0]},{"time":0.5,"x":0,"y":28.9}],"scale":[{"time":0,"x":1,"y":1,"curve":"stepped"},{"time":0.5,"x":1,"y":1}]},"Eye2":{"rotate":[{"time":0,"angle":0,"curve":"stepped"},{"time":0.5,"angle":0}],"translate":[{"time":0,"x":0,"y":28.9},{"time":0.2,"x":0,"y":6.36,"curve":"stepped"},{"time":0.2666,"x":0,"y":6.36},{"time":0.5,"x":0,"y":28.9}],"scale":[{"time":0,"x":1,"y":1,"curve":"stepped"},{"time":0.5,"x":1,"y":1}]},"Eyes":{"rotate":[{"time":0,"angle":0,"curve":"stepped"},{"time":0.2,"angle":0,"curve":"stepped"},{"time":0.2666,"angle":0,"curve":"stepped"},{"time":0.4666,"angle":0,"curve":"stepped"},{"time":0.5,"angle":0}],"translate":[{"time":0,"x":0,"y":28.9},{"time":0.2,"x":0,"y":-6.74},{"time":0.2666,"x":0,"y":-4.41},{"time":0.4666,"x":0,"y":10.18},{"time":0.5,"x":0,"y":28.9}],"scale":[{"time":0,"x":1,"y":1,"curve":"stepped"},{"time":0.2,"x":1,"y":1,"curve":"stepped"},{"time":0.2666,"x":1,"y":1,"curve":"stepped"},{"time":0.4666,"x":1,"y":1,"curve":"stepped"},{"time":0.5,"x":1,"y":1}]},"Gun":{"rotate":[{"time":0,"angle":0},{"time":0.2,"angle":33.23},{"time":0.5,"angle":0}],"translate":[{"time":0,"x":34.04,"y":28.9},{"time":0.2,"x":51.06,"y":-32.21},{"time":0.2666,"x":45.38,"y":6.36},{"time":0.5,"x":34.04,"y":28.9}],"scale":[{"time":0,"x":1,"y":1,"curve":"stepped"},{"time":0.2,"x":1,"y":1,"curve":"stepped"},{"time":0.5,"x":1,"y":1}]},"Head":{"rotate":[{"time":0,"angle":0},{"time":0.2,"angle":3.89},{"time":0.2666,"angle":-3.78},{"time":0.4666,"angle":-0.54},{"time":0.5,"angle":0}],"translate":[{"time":0,"x":0,"y":28.9},{"time":0.2,"x":0,"y":-5.76},{"time":0.2666,"x":0,"y":-4.09},{"time":0.4666,"x":0,"y":10.22},{"time":0.5,"x":0,"y":28.9}],"scale":[{"time":0,"x":1,"y":1,"curve":"stepped"},{"time":0.2,"x":1,"y":1,"curve":"stepped"},{"time":0.2666,"x":1,"y":1,"curve":"stepped"},{"time":0.4666,"x":1,"y":1,"curve":"stepped"},{"time":0.5,"x":1,"y":1}]},"Horn1":{"rotate":[{"time":0,"angle":0,"curve":"stepped"},{"time":0.5,"angle":0}],"translate":[{"time":0,"x":0,"y":28.9},{"time":0.2,"x":0,"y":6.36,"curve":"stepped"},{"time":0.2666,"x":0,"y":6.36},{"time":0.5,"x":0,"y":28.9}],"scale":[{"time":0,"x":1,"y":1,"curve":"stepped"},{"time":0.5,"x":1,"y":1}]},"Horn2":{"rotate":[{"time":0,"angle":0,"curve":"stepped"},{"time":0.5,"angle":0}],"translate":[{"time":0,"x":0,"y":28.9},{"time":0.2,"x":0,"y":6.36,"curve":"stepped"},{"time":0.2666,"x":0,"y":6.36},{"time":0.5,"x":0,"y":28.9}],"scale":[{"time":0,"x":1,"y":1,"curve":"stepped"},{"time":0.5,"x":1,"y":1}]},"Horn3":{"rotate":[{"time":0,"angle":0,"curve":"stepped"},{"time":0.5,"angle":0}],"translate":[{"time":0,"x":0,"y":28.9},{"time":0.2,"x":0,"y":6.36,"curve":"stepped"},{"time":0.2666,"x":0,"y":6.36},{"time":0.5,"x":0,"y":28.9}],"scale":[{"time":0,"x":1,"y":1,"curve":"stepped"},{"time":0.5,"x":1,"y":1}]},"Mask":{"rotate":[{"time":0,"angle":0,"curve":"stepped"},{"time":0.2,"angle":0,"curve":"stepped"},{"time":0.2666,"angle":0,"curve":"stepped"},{"time":0.5,"angle":0}],"translate":[{"time":0,"x":0,"y":28.9},{"time":0.2,"x":0,"y":-33.9,"curve":"stepped"},{"time":0.2666,"x":0,"y":-33.9},{"time":0.5,"x":0,"y":28.9}],"scale":[{"time":0,"x":1,"y":1,"curve":"stepped"},{"time":0.2,"x":1,"y":1,"curve":"stepped"},{"time":0.2666,"x":1,"y":1,"curve":"stepped"},{"time":0.5,"x":1,"y":1}]},"Mask2":{"rotate":[{"time":0,"angle":0,"curve":"stepped"},{"time":0.5,"angle":0}],"translate":[{"time":0,"x":0,"y":28.9},{"time":0.2,"x":0,"y":6.36,"curve":"stepped"},{"time":0.2666,"x":0,"y":6.36},{"time":0.5,"x":0,"y":28.9}],"scale":[{"time":0,"x":1,"y":1,"curve":"stepped"},{"time":0.5,"x":1,"y":1}]}},"drawOrder":[{"time":0.5}]},"FrontFight":{"slots":{"Body":{"attachment":[{"time":0,"name":null}]},"Body2":{"attachment":[{"time":0,"name":null}]},"Eye3":{"attachment":[{"time":0,"name":null}]},"Head":{"attachment":[{"time":0,"name":null}]},"Head2":{"attachment":[{"time":0,"name":null}]}},"bones":{"Body":{"rotate":[{"time":0,"angle":0,"curve":"stepped"},{"time":0.5,"angle":0,"curve":"stepped"},{"time":0.8333,"angle":0}],"translate":[{"time":0,"x":0,"y":28.9,"curve":"stepped"},{"time":0.5,"x":0,"y":28.9,"curve":"stepped"},{"time":0.8333,"x":0,"y":28.9}],"scale":[{"time":0,"x":1,"y":1,"curve":"stepped"},{"time":0.5,"x":1,"y":1,"curve":"stepped"},{"time":0.8333,"x":1,"y":1}]},"Eye2":{"rotate":[{"time":0,"angle":0,"curve":"stepped"},{"time":0.5,"angle":0,"curve":"stepped"},{"time":0.8333,"angle":0}],"translate":[{"time":0,"x":0,"y":28.9},{"time":0.2,"x":0,"y":6.36,"curve":"stepped"},{"time":0.2666,"x":0,"y":6.36},{"time":0.5,"x":0,"y":28.9,"curve":"stepped"},{"time":0.8333,"x":0,"y":28.9}],"scale":[{"time":0,"x":1,"y":1,"curve":"stepped"},{"time":0.5,"x":1,"y":1,"curve":"stepped"},{"time":0.8333,"x":1,"y":1}]},"Eyes":{"rotate":[{"time":0,"angle":0,"curve":"stepped"},{"time":0.2666,"angle":0,"curve":"stepped"},{"time":0.5,"angle":0,"curve":"stepped"},{"time":0.8333,"angle":0}],"translate":[{"time":0,"x":0,"y":28.9},{"time":0.2666,"x":0,"y":22.9},{"time":0.5,"x":0,"y":28.9,"curve":"stepped"},{"time":0.8333,"x":0,"y":28.9}],"scale":[{"time":0,"x":1,"y":1,"curve":"stepped"},{"time":0.2666,"x":1,"y":1,"curve":"stepped"},{"time":0.5,"x":1,"y":1,"curve":"stepped"},{"time":0.8333,"x":1,"y":1}]},"Gun":{"rotate":[{"time":0,"angle":0},{"time":0.2666,"angle":-60.93},{"time":0.7333,"angle":9.93},{"time":0.8333,"angle":0}],"translate":[{"time":0,"x":34.04,"y":28.9},{"time":0.2666,"x":45.38,"y":6.36},{"time":0.7333,"x":34.04,"y":57.23},{"time":0.8333,"x":34.04,"y":28.9}],"scale":[{"time":0,"x":1,"y":1,"curve":"stepped"},{"time":0.2666,"x":1,"y":1,"curve":"stepped"},{"time":0.7333,"x":1,"y":1,"curve":"stepped"},{"time":0.8333,"x":1,"y":1}]},"Head":{"rotate":[{"time":0,"angle":0},{"time":0.2666,"angle":-6.51},{"time":0.5,"angle":0,"curve":"stepped"},{"time":0.8333,"angle":0}],"translate":[{"time":0,"x":0,"y":26.33},{"time":0.2666,"x":0,"y":19.6},{"time":0.5,"x":0,"y":28.9,"curve":"stepped"},{"time":0.8333,"x":0,"y":28.9}],"scale":[{"time":0,"x":1,"y":1,"curve":"stepped"},{"time":0.2666,"x":1,"y":1,"curve":"stepped"},{"time":0.5,"x":1,"y":1,"curve":"stepped"},{"time":0.8333,"x":1,"y":1}]},"Horn1":{"rotate":[{"time":0,"angle":0,"curve":"stepped"},{"time":0.5,"angle":0,"curve":"stepped"},{"time":0.8333,"angle":0}],"translate":[{"time":0,"x":0,"y":28.9},{"time":0.2,"x":0,"y":6.36,"curve":"stepped"},{"time":0.2666,"x":0,"y":6.36},{"time":0.5,"x":0,"y":28.9,"curve":"stepped"},{"time":0.8333,"x":0,"y":28.9}],"scale":[{"time":0,"x":1,"y":1,"curve":"stepped"},{"time":0.5,"x":1,"y":1,"curve":"stepped"},{"time":0.8333,"x":1,"y":1}]},"Horn2":{"rotate":[{"time":0,"angle":0,"curve":"stepped"},{"time":0.5,"angle":0,"curve":"stepped"},{"time":0.8333,"angle":0}],"translate":[{"time":0,"x":0,"y":28.9},{"time":0.2,"x":0,"y":6.36,"curve":"stepped"},{"time":0.2666,"x":0,"y":6.36},{"time":0.5,"x":0,"y":28.9,"curve":"stepped"},{"time":0.8333,"x":0,"y":28.9}],"scale":[{"time":0,"x":1,"y":1,"curve":"stepped"},{"time":0.5,"x":1,"y":1,"curve":"stepped"},{"time":0.8333,"x":1,"y":1}]},"Horn3":{"rotate":[{"time":0,"angle":0,"curve":"stepped"},{"time":0.5,"angle":0,"curve":"stepped"},{"time":0.8333,"angle":0}],"translate":[{"time":0,"x":0,"y":28.9},{"time":0.2,"x":0,"y":6.36,"curve":"stepped"},{"time":0.2666,"x":0,"y":6.36},{"time":0.5,"x":0,"y":28.9,"curve":"stepped"},{"time":0.8333,"x":0,"y":28.9}],"scale":[{"time":0,"x":1,"y":1,"curve":"stepped"},{"time":0.5,"x":1,"y":1,"curve":"stepped"},{"time":0.8333,"x":1,"y":1}]},"Mask":{"rotate":[{"time":0,"angle":0,"curve":"stepped"},{"time":0.2666,"angle":0,"curve":"stepped"},{"time":0.5,"angle":0,"curve":"stepped"},{"time":0.8333,"angle":0}],"translate":[{"time":0,"x":0,"y":28.9},{"time":0.2666,"x":0,"y":22.9},{"time":0.5,"x":0,"y":28.9,"curve":"stepped"},{"time":0.8333,"x":0,"y":28.9}],"scale":[{"time":0,"x":1,"y":1,"curve":"stepped"},{"time":0.2666,"x":1,"y":1,"curve":"stepped"},{"time":0.5,"x":1,"y":1,"curve":"stepped"},{"time":0.8333,"x":1,"y":1}]},"Mask2":{"rotate":[{"time":0,"angle":0,"curve":"stepped"},{"time":0.5,"angle":0,"curve":"stepped"},{"time":0.8333,"angle":0}],"translate":[{"time":0,"x":0,"y":28.9},{"time":0.2,"x":0,"y":6.36,"curve":"stepped"},{"time":0.2666,"x":0,"y":6.36},{"time":0.5,"x":0,"y":28.9,"curve":"stepped"},{"time":0.8333,"x":0,"y":28.9}],"scale":[{"time":0,"x":1,"y":1,"curve":"stepped"},{"time":0.5,"x":1,"y":1,"curve":"stepped"},{"time":0.8333,"x":1,"y":1}]}}},"Left":{"slots":{"Body2":{"attachment":[{"time":0,"name":null}]},"Head2":{"attachment":[{"time":0,"name":null}]},"body5-1":{"attachment":[{"time":0,"name":null}]}},"bones":{"Body":{"rotate":[{"time":0,"angle":0,"curve":"stepped"},{"time":0.5,"angle":0}],"translate":[{"time":0,"x":0,"y":28.9},{"time":0.2,"x":0,"y":6.36,"curve":"stepped"},{"time":0.2666,"x":0,"y":6.36,"curve":[0.534,0,1,0]},{"time":0.5,"x":0,"y":28.9}],"scale":[{"time":0,"x":1,"y":-1,"curve":"stepped"},{"time":0.5,"x":1,"y":-1}]},"Eye2":{"rotate":[{"time":0,"angle":0,"curve":"stepped"},{"time":0.3333,"angle":0,"curve":"stepped"},{"time":0.3666,"angle":0,"curve":"stepped"},{"time":0.5,"angle":0}],"translate":[{"time":0,"x":-108.19,"y":28.9},{"time":0.2333,"x":-106.81,"y":0.41},{"time":0.2666,"x":-106.62,"y":-10.86},{"time":0.3333,"x":-106.23,"y":8.91},{"time":0.3666,"x":-108.19,"y":9.3},{"time":0.5,"x":-108.19,"y":28.9}],"scale":[{"time":0,"x":1,"y":1,"curve":"stepped"},{"time":0.3333,"x":1,"y":1,"curve":"stepped"},{"time":0.3666,"x":1,"y":1,"curve":"stepped"},{"time":0.5,"x":1,"y":1}]},"Eyes":{"rotate":[{"time":0,"angle":0,"curve":"stepped"},{"time":0.2,"angle":0,"curve":"stepped"},{"time":0.2666,"angle":0,"curve":"stepped"},{"time":0.5,"angle":0}],"translate":[{"time":0,"x":0,"y":28.9},{"time":0.2,"x":0,"y":-33.9,"curve":"stepped"},{"time":0.2666,"x":0,"y":-33.9},{"time":0.5,"x":0,"y":28.9}],"scale":[{"time":0,"x":1,"y":1,"curve":"stepped"},{"time":0.2,"x":1,"y":1,"curve":"stepped"},{"time":0.2666,"x":1,"y":1,"curve":"stepped"},{"time":0.5,"x":1,"y":1}]},"Gun":{"rotate":[{"time":0,"angle":43.01},{"time":0.2,"angle":57.19},{"time":0.2666,"angle":-296.72},{"time":0.5,"angle":43.01}],"translate":[{"time":0,"x":40.95,"y":28.9},{"time":0.2,"x":40.95,"y":6.01},{"time":0.2666,"x":40.95,"y":-6.86},{"time":0.5,"x":40.95,"y":28.9}],"scale":[{"time":0,"x":1,"y":1,"curve":"stepped"},{"time":0.2,"x":1,"y":1,"curve":"stepped"},{"time":0.2666,"x":1,"y":1,"curve":"stepped"},{"time":0.5,"x":1,"y":1}]},"Head":{"rotate":[{"time":0,"angle":0},{"time":0.4666,"angle":-0.54},{"time":0.5,"angle":0}],"translate":[{"time":0,"x":0,"y":28.9},{"time":0.2666,"x":0,"y":-5.76},{"time":0.4666,"x":0,"y":12.03},{"time":0.5,"x":0,"y":28.9}],"scale":[{"time":0,"x":1,"y":-1,"curve":"stepped"},{"time":0.5,"x":1,"y":-1}]},"Horn1":{"rotate":[{"time":0,"angle":0,"curve":"stepped"},{"time":0.5,"angle":0}],"translate":[{"time":0,"x":0,"y":28.9},{"time":0.2,"x":0,"y":6.36,"curve":"stepped"},{"time":0.2666,"x":0,"y":6.36},{"time":0.5,"x":0,"y":28.9}],"scale":[{"time":0,"x":1,"y":1,"curve":"stepped"},{"time":0.5,"x":1,"y":1}]},"Horn2":{"rotate":[{"time":0,"angle":0,"curve":"stepped"},{"time":0.5,"angle":0}],"translate":[{"time":0,"x":0,"y":28.9},{"time":0.2,"x":0,"y":6.36,"curve":"stepped"},{"time":0.2666,"x":0,"y":6.36},{"time":0.5,"x":0,"y":28.9}],"scale":[{"time":0,"x":1,"y":1,"curve":"stepped"},{"time":0.5,"x":1,"y":1}]},"Horn3":{"rotate":[{"time":0,"angle":0,"curve":"stepped"},{"time":0.5,"angle":0}],"translate":[{"time":0,"x":0,"y":28.9},{"time":0.2,"x":0,"y":6.36,"curve":"stepped"},{"time":0.2666,"x":0,"y":6.36},{"time":0.5,"x":0,"y":28.9}],"scale":[{"time":0,"x":1,"y":1,"curve":"stepped"},{"time":0.5,"x":1,"y":1}]},"Mask":{"rotate":[{"time":0,"angle":0,"curve":"stepped"},{"time":0.2,"angle":0,"curve":"stepped"},{"time":0.2666,"angle":0,"curve":"stepped"},{"time":0.5,"angle":0}],"translate":[{"time":0,"x":0,"y":28.9},{"time":0.2,"x":0,"y":-33.9,"curve":"stepped"},{"time":0.2666,"x":0,"y":-33.9},{"time":0.5,"x":0,"y":28.9}],"scale":[{"time":0,"x":1,"y":1,"curve":"stepped"},{"time":0.2,"x":1,"y":1,"curve":"stepped"},{"time":0.2666,"x":1,"y":1,"curve":"stepped"},{"time":0.5,"x":1,"y":1}]},"Mask2":{"rotate":[{"time":0,"angle":0.9,"curve":"stepped"},{"time":0.3333,"angle":0.9,"curve":"stepped"},{"time":0.5,"angle":0.9}],"translate":[{"time":0,"x":-115.38,"y":28.9},{"time":0.2666,"x":-114.01,"y":0.41},{"time":0.3333,"x":-115.38,"y":-4.65},{"time":0.5,"x":-115.38,"y":28.9}],"scale":[{"time":0,"x":1,"y":-1,"curve":"stepped"},{"time":0.3333,"x":1,"y":-1,"curve":"stepped"},{"time":0.5,"x":1,"y":-1}]}},"drawOrder":[{"time":0},{"time":0.5}]},"LeftFight":{"slots":{"Body2":{"attachment":[{"time":0,"name":null},{"time":0.5,"name":null}]},"Head2":{"attachment":[{"time":0,"name":null},{"time":0.5,"name":null}]},"Head6-1":{"attachment":[{"time":0,"name":null},{"time":0.5,"name":null}]},"body5-1":{"attachment":[{"time":0,"name":null},{"time":0.5,"name":null}]}},"bones":{"Body":{"rotate":[{"time":0,"angle":0,"curve":"stepped"},{"time":0.3666,"angle":0,"curve":"stepped"},{"time":0.5,"angle":0}],"translate":[{"time":0,"x":0,"y":28.9},{"time":0.3666,"x":-7.1,"y":27.45},{"time":0.5,"x":0,"y":28.9}],"scale":[{"time":0,"x":1,"y":-1,"curve":"stepped"},{"time":0.5,"x":1,"y":-1}]},"Eye2":{"rotate":[{"time":0,"angle":0,"curve":"stepped"},{"time":0.3666,"angle":0,"curve":"stepped"},{"time":0.5,"angle":0}],"translate":[{"time":0,"x":-108.19,"y":28.9},{"time":0.3666,"x":-115.29,"y":25.93},{"time":0.5,"x":-108.19,"y":28.9}],"scale":[{"time":0,"x":1,"y":1,"curve":"stepped"},{"time":0.3666,"x":1,"y":1,"curve":"stepped"},{"time":0.5,"x":1,"y":1}]},"Eyes":{"rotate":[{"time":0,"angle":0,"curve":"stepped"},{"time":0.2,"angle":0,"curve":"stepped"},{"time":0.2666,"angle":0,"curve":"stepped"},{"time":0.3666,"angle":0,"curve":"stepped"},{"time":0.5,"angle":0}],"translate":[{"time":0,"x":0,"y":28.9},{"time":0.2,"x":0,"y":-33.9,"curve":"stepped"},{"time":0.2666,"x":0,"y":-33.9},{"time":0.3666,"x":-7.1,"y":-6.98},{"time":0.5,"x":0,"y":28.9}],"scale":[{"time":0,"x":1,"y":1,"curve":"stepped"},{"time":0.2,"x":1,"y":1,"curve":"stepped"},{"time":0.2666,"x":1,"y":1,"curve":"stepped"},{"time":0.3666,"x":1,"y":1,"curve":"stepped"},{"time":0.5,"x":1,"y":1}]},"Gun":{"rotate":[{"time":0,"angle":43.01},{"time":0.3,"angle":-44.59},{"time":0.5,"angle":43.01}],"translate":[{"time":0,"x":40.95,"y":28.9},{"time":0.3,"x":33.84,"y":8.46},{"time":0.5,"x":40.95,"y":28.9}],"scale":[{"time":0,"x":1,"y":1,"curve":"stepped"},{"time":0.5,"x":1,"y":1}]},"Head":{"rotate":[{"time":0,"angle":0,"curve":"stepped"},{"time":0.2333,"angle":0,"curve":"stepped"},{"time":0.3666,"angle":0,"curve":"stepped"},{"time":0.4,"angle":0,"curve":"stepped"},{"time":0.4333,"angle":0,"curve":"stepped"},{"time":0.5,"angle":0}],"translate":[{"time":0,"x":0,"y":28.9},{"time":0.2333,"x":-4.52,"y":19.46},{"time":0.3666,"x":-7.1,"y":22.54},{"time":0.4,"x":-5.39,"y":21.97},{"time":0.4333,"x":-5.39,"y":24.28},{"time":0.5,"x":0,"y":28.9}],"scale":[{"time":0,"x":1,"y":-1,"curve":"stepped"},{"time":0.5,"x":1,"y":-1}]},"Horn1":{"rotate":[{"time":0,"angle":0,"curve":"stepped"},{"time":0.3666,"angle":0,"curve":"stepped"},{"time":0.5,"angle":0}],"translate":[{"time":0,"x":0,"y":28.9},{"time":0.2,"x":0,"y":6.36,"curve":"stepped"},{"time":0.2666,"x":0,"y":6.36},{"time":0.3666,"x":-7.1,"y":16.02},{"time":0.5,"x":0,"y":28.9}],"scale":[{"time":0,"x":1,"y":1,"curve":"stepped"},{"time":0.3666,"x":1,"y":1,"curve":"stepped"},{"time":0.5,"x":1,"y":1}]},"Horn2":{"rotate":[{"time":0,"angle":0,"curve":"stepped"},{"time":0.3666,"angle":0,"curve":"stepped"},{"time":0.5,"angle":0}],"translate":[{"time":0,"x":0,"y":28.9},{"time":0.2,"x":0,"y":6.36,"curve":"stepped"},{"time":0.2666,"x":0,"y":6.36},{"time":0.3666,"x":-7.1,"y":16.02},{"time":0.5,"x":0,"y":28.9}],"scale":[{"time":0,"x":1,"y":1,"curve":"stepped"},{"time":0.3666,"x":1,"y":1,"curve":"stepped"},{"time":0.5,"x":1,"y":1}]},"Horn3":{"rotate":[{"time":0,"angle":0,"curve":"stepped"},{"time":0.3666,"angle":0,"curve":"stepped"},{"time":0.5,"angle":0}],"translate":[{"time":0,"x":0,"y":28.9},{"time":0.2,"x":0,"y":6.36,"curve":"stepped"},{"time":0.2666,"x":0,"y":6.36},{"time":0.3666,"x":-7.1,"y":16.02},{"time":0.5,"x":0,"y":28.9}],"scale":[{"time":0,"x":1,"y":1,"curve":"stepped"},{"time":0.3666,"x":1,"y":1,"curve":"stepped"},{"time":0.5,"x":1,"y":1}]},"Mask":{"rotate":[{"time":0,"angle":0,"curve":"stepped"},{"time":0.2,"angle":0,"curve":"stepped"},{"time":0.2666,"angle":0,"curve":"stepped"},{"time":0.3666,"angle":0,"curve":"stepped"},{"time":0.5,"angle":0}],"translate":[{"time":0,"x":0,"y":28.9},{"time":0.2,"x":0,"y":-33.9,"curve":"stepped"},{"time":0.2666,"x":0,"y":-33.9},{"time":0.3666,"x":-7.1,"y":-6.98},{"time":0.5,"x":0,"y":28.9}],"scale":[{"time":0,"x":1,"y":1,"curve":"stepped"},{"time":0.2,"x":1,"y":1,"curve":"stepped"},{"time":0.2666,"x":1,"y":1,"curve":"stepped"},{"time":0.3666,"x":1,"y":1,"curve":"stepped"},{"time":0.5,"x":1,"y":1}]},"Mask2":{"rotate":[{"time":0,"angle":0.9,"curve":"stepped"},{"time":0.3666,"angle":0.9,"curve":"stepped"},{"time":0.5,"angle":0.9}],"translate":[{"time":0,"x":-115.38,"y":28.9},{"time":0.3666,"x":-122.49,"y":25.93},{"time":0.5,"x":-115.38,"y":28.9}],"scale":[{"time":0,"x":1,"y":-1,"curve":"stepped"},{"time":0.3666,"x":1,"y":-1,"curve":"stepped"},{"time":0.5,"x":1,"y":-1}]}},"drawOrder":[{"time":0,"offsets":[{"slot":"Gun5","offset":-5}]},{"time":0.5,"offsets":[{"slot":"Gun5","offset":-5}]}]},"Right":{"slots":{"Body2":{"attachment":[{"time":0,"name":null}]},"Eye2":{"attachment":[{"time":0,"name":null}]},"Eyes":{"attachment":[{"time":0,"name":null}]},"Head2":{"attachment":[{"time":0,"name":null}]},"Head6-1":{"attachment":[{"time":0,"name":null}]},"body5-1":{"attachment":[{"time":0,"name":null}]}},"bones":{"Body":{"rotate":[{"time":0,"angle":0,"curve":"stepped"},{"time":0.5,"angle":0}],"translate":[{"time":0,"x":0,"y":28.9},{"time":0.2,"x":0,"y":6.36,"curve":"stepped"},{"time":0.2666,"x":0,"y":6.36,"curve":[0.534,0,1,0]},{"time":0.5,"x":0,"y":28.9}],"scale":[{"time":0,"x":1,"y":1,"curve":"stepped"},{"time":0.5,"x":1,"y":1}]},"Eye2":{"rotate":[{"time":0,"angle":0,"curve":"stepped"},{"time":0.2666,"angle":0,"curve":"stepped"},{"time":0.5,"angle":0}],"translate":[{"time":0,"x":0,"y":28.9},{"time":0.2666,"x":-2.18,"y":-5.61},{"time":0.5,"x":0,"y":28.9}],"scale":[{"time":0,"x":1,"y":1,"curve":"stepped"},{"time":0.2666,"x":1,"y":1,"curve":"stepped"},{"time":0.5,"x":1,"y":1}]},"Eyes":{"rotate":[{"time":0,"angle":0,"curve":"stepped"},{"time":0.2,"angle":0,"curve":"stepped"},{"time":0.2666,"angle":0,"curve":"stepped"},{"time":0.5,"angle":0}],"translate":[{"time":0,"x":0,"y":28.9},{"time":0.2,"x":0,"y":-33.9,"curve":"stepped"},{"time":0.2666,"x":0,"y":-33.9},{"time":0.5,"x":0,"y":28.9}],"scale":[{"time":0,"x":1,"y":1,"curve":"stepped"},{"time":0.2,"x":1,"y":1,"curve":"stepped"},{"time":0.2666,"x":1,"y":1,"curve":"stepped"},{"time":0.5,"x":1,"y":1}]},"Gun":{"rotate":[{"time":0,"angle":-92.3,"curve":"stepped"},{"time":0.2,"angle":-92.3},{"time":0.2666,"angle":-112.47},{"time":0.5,"angle":-92.3}],"translate":[{"time":0,"x":40.95,"y":28.9},{"time":0.2,"x":40.95,"y":4.71},{"time":0.2666,"x":40.95,"y":-9.77},{"time":0.5,"x":40.95,"y":28.9}],"scale":[{"time":0,"x":1,"y":1,"curve":"stepped"},{"time":0.2,"x":1,"y":1,"curve":"stepped"},{"time":0.2666,"x":1,"y":1,"curve":"stepped"},{"time":0.5,"x":1,"y":1}]},"Head":{"rotate":[{"time":0,"angle":0},{"time":0.4666,"angle":-0.54},{"time":0.5,"angle":0}],"translate":[{"time":0,"x":0,"y":28.9},{"time":0.2,"x":0,"y":-5.76},{"time":0.2666,"x":0,"y":-3.68},{"time":0.4666,"x":0,"y":12.03},{"time":0.5,"x":0,"y":28.9}],"scale":[{"time":0,"x":1,"y":1,"curve":"stepped"},{"time":0.2,"x":1,"y":1,"curve":"stepped"},{"time":0.2666,"x":1,"y":1,"curve":"stepped"},{"time":0.4666,"x":1,"y":1,"curve":"stepped"},{"time":0.5,"x":1,"y":1}]},"Horn1":{"rotate":[{"time":0,"angle":0,"curve":"stepped"},{"time":0.5,"angle":0}],"translate":[{"time":0,"x":0,"y":28.9},{"time":0.2,"x":0,"y":6.36,"curve":"stepped"},{"time":0.2666,"x":0,"y":6.36},{"time":0.5,"x":0,"y":28.9}],"scale":[{"time":0,"x":1,"y":1,"curve":"stepped"},{"time":0.5,"x":1,"y":1}]},"Horn2":{"rotate":[{"time":0,"angle":0,"curve":"stepped"},{"time":0.5,"angle":0}],"translate":[{"time":0,"x":0,"y":28.9},{"time":0.2,"x":0,"y":6.36,"curve":"stepped"},{"time":0.2666,"x":0,"y":6.36},{"time":0.5,"x":0,"y":28.9}],"scale":[{"time":0,"x":1,"y":1,"curve":"stepped"},{"time":0.5,"x":1,"y":1}]},"Horn3":{"rotate":[{"time":0,"angle":0,"curve":"stepped"},{"time":0.5,"angle":0}],"translate":[{"time":0,"x":0,"y":28.9},{"time":0.2,"x":0,"y":6.36,"curve":"stepped"},{"time":0.2666,"x":0,"y":6.36},{"time":0.5,"x":0,"y":28.9}],"scale":[{"time":0,"x":1,"y":1,"curve":"stepped"},{"time":0.5,"x":1,"y":1}]},"Mask":{"rotate":[{"time":0,"angle":0,"curve":"stepped"},{"time":0.2,"angle":0,"curve":"stepped"},{"time":0.2666,"angle":0,"curve":"stepped"},{"time":0.5,"angle":0}],"translate":[{"time":0,"x":0,"y":28.9},{"time":0.2,"x":0,"y":-33.9,"curve":"stepped"},{"time":0.2666,"x":0,"y":-33.9},{"time":0.5,"x":0,"y":28.9}],"scale":[{"time":0,"x":1,"y":1,"curve":"stepped"},{"time":0.2,"x":1,"y":1,"curve":"stepped"},{"time":0.2666,"x":1,"y":1,"curve":"stepped"},{"time":0.5,"x":1,"y":1}]},"Mask2":{"rotate":[{"time":0,"angle":0,"curve":"stepped"},{"time":0.2666,"angle":0,"curve":"stepped"},{"time":0.5,"angle":0}],"translate":[{"time":0,"x":0,"y":28.9},{"time":0.2666,"x":-2.18,"y":-8.21},{"time":0.5,"x":0,"y":28.9}],"scale":[{"time":0,"x":1,"y":1,"curve":"stepped"},{"time":0.2666,"x":1,"y":1,"curve":"stepped"},{"time":0.5,"x":1,"y":1}]}}},"RightFight":{"slots":{"Body2":{"attachment":[{"time":0,"name":null}]},"Eye2":{"attachment":[{"time":0,"name":null}]},"Eyes":{"attachment":[{"time":0,"name":null}]},"Head2":{"attachment":[{"time":0,"name":null}]},"Head6-1":{"attachment":[{"time":0,"name":null}]},"body5-1":{"attachment":[{"time":0,"name":null}]}},"bones":{"Body":{"rotate":[{"time":0,"angle":0,"curve":"stepped"},{"time":0.5,"angle":0}],"translate":[{"time":0,"x":0,"y":28.9},{"time":0.2,"x":2.68,"y":28.9},{"time":0.5,"x":0,"y":28.9}],"scale":[{"time":0,"x":1,"y":1,"curve":"stepped"},{"time":0.5,"x":1,"y":1}]},"Eye2":{"rotate":[{"time":0,"angle":0,"curve":"stepped"},{"time":0.5,"angle":0}],"translate":[{"time":0,"x":0,"y":28.9},{"time":0.2666,"x":2.68,"y":28.9},{"time":0.5,"x":0,"y":28.9}],"scale":[{"time":0,"x":1,"y":1,"curve":"stepped"},{"time":0.5,"x":1,"y":1}]},"Eyes":{"rotate":[{"time":0,"angle":0,"curve":"stepped"},{"time":0.2,"angle":0,"curve":"stepped"},{"time":0.2666,"angle":0,"curve":"stepped"},{"time":0.5,"angle":0}],"translate":[{"time":0,"x":0,"y":28.9},{"time":0.2,"x":2.68,"y":-33.9},{"time":0.2666,"x":0,"y":-33.9},{"time":0.5,"x":0,"y":28.9}],"scale":[{"time":0,"x":1,"y":1,"curve":"stepped"},{"time":0.2,"x":1,"y":1,"curve":"stepped"},{"time":0.2666,"x":1,"y":1,"curve":"stepped"},{"time":0.5,"x":1,"y":1}]},"Gun":{"rotate":[{"time":0,"angle":-62.99},{"time":0.4,"angle":-3.44},{"time":0.5,"angle":-62.99}],"translate":[{"time":0,"x":40.95,"y":28.9},{"time":0.4,"x":40.95,"y":-9.77},{"time":0.5,"x":40.95,"y":28.9}],"scale":[{"time":0,"x":1,"y":1,"curve":"stepped"},{"time":0.4,"x":1,"y":1,"curve":"stepped"},{"time":0.5,"x":1,"y":1}]},"Head":{"rotate":[{"time":0,"angle":0},{"time":0.2666,"angle":3.73},{"time":0.4333,"angle":-6.34},{"time":0.5,"angle":0}],"translate":[{"time":0,"x":0,"y":28.9},{"time":0.2,"x":2.68,"y":25},{"time":0.2666,"x":3.22,"y":23.7},{"time":0.5,"x":0,"y":28.9}],"scale":[{"time":0,"x":1,"y":1,"curve":"stepped"},{"time":0.2666,"x":1,"y":1,"curve":"stepped"},{"time":0.5,"x":1,"y":1}]},"Horn1":{"rotate":[{"time":0,"angle":0,"curve":"stepped"},{"time":0.5,"angle":0}],"translate":[{"time":0,"x":0,"y":28.9},{"time":0.2,"x":2.68,"y":6.36},{"time":0.2666,"x":0,"y":6.36},{"time":0.5,"x":0,"y":28.9}],"scale":[{"time":0,"x":1,"y":1,"curve":"stepped"},{"time":0.5,"x":1,"y":1}]},"Horn2":{"rotate":[{"time":0,"angle":0,"curve":"stepped"},{"time":0.5,"angle":0}],"translate":[{"time":0,"x":0,"y":28.9},{"time":0.2,"x":2.68,"y":6.36},{"time":0.2666,"x":0,"y":6.36},{"time":0.5,"x":0,"y":28.9}],"scale":[{"time":0,"x":1,"y":1,"curve":"stepped"},{"time":0.5,"x":1,"y":1}]},"Horn3":{"rotate":[{"time":0,"angle":0,"curve":"stepped"},{"time":0.5,"angle":0}],"translate":[{"time":0,"x":0,"y":28.9},{"time":0.2,"x":2.68,"y":6.36},{"time":0.2666,"x":0,"y":6.36},{"time":0.5,"x":0,"y":28.9}],"scale":[{"time":0,"x":1,"y":1,"curve":"stepped"},{"time":0.5,"x":1,"y":1}]},"Mask":{"rotate":[{"time":0,"angle":0,"curve":"stepped"},{"time":0.2,"angle":0,"curve":"stepped"},{"time":0.2666,"angle":0,"curve":"stepped"},{"time":0.5,"angle":0}],"translate":[{"time":0,"x":0,"y":28.9},{"time":0.2,"x":2.68,"y":-33.9},{"time":0.2666,"x":0,"y":-33.9},{"time":0.5,"x":0,"y":28.9}],"scale":[{"time":0,"x":1,"y":1,"curve":"stepped"},{"time":0.2,"x":1,"y":1,"curve":"stepped"},{"time":0.2666,"x":1,"y":1,"curve":"stepped"},{"time":0.5,"x":1,"y":1}]},"Mask2":{"rotate":[{"time":0,"angle":0,"curve":"stepped"},{"time":0.5,"angle":0}],"translate":[{"time":0,"x":0,"y":28.9},{"time":0.2,"x":2.68,"y":28.9},{"time":0.5,"x":0,"y":28.9}],"scale":[{"time":0,"x":1,"y":1,"curve":"stepped"},{"time":0.5,"x":1,"y":1}]}}}}}